"","name"
"1","Os01g0705200"
"2","Os01g0705200"
"3","Os01g0705200"
"4","Os05g0373900"
"5","Os09g0109600"
"6","Os11g0451700"
"7","Os03g0820500"
"8","Os03g0268600"
"9","Os09g0325700"
"10","Os11g0181200"
"11","Os05g0473000"
"12","Os02g0824500"
"13","Os08g0476300"
"14","Os06g0651200"
"15","Os01g0656200"
"16","Os03g0297600"
"17","Os11g0498600"
"18","Os01g0571300"
"19","Os06g0553100"
"20","Os04g0244800"
"21","Os01g0135700"
"22","Os05g0542500"
"23","Os05g0542500"
"24","Os10g0548100"
"25","Os09g0482300"
"26","Os05g0542500"
"27","Os05g0151200"
"28","Os09g0378700"
"29","Os05g0537400"
"30","Os04g0564700"
"31","Os10g0505900"
"32","Os02g0687200"
"33","Os09g0482600"
"34","Os09g0555500"
"35","Os07g0154100"
"36","Os01g0644200"
"37","Os12g0147200"
"38","Os04g0451700"
"39","Os11g0609600"
"40","Os03g0238300"
"41","Os05g0494600"
"42","Os06g0246500"
"43","Os03g0322900"
"44","Os06g0681200"
"45","Os06g0698300"
"46","Os03g0238300"
"47","Os11g0240600"
"48","Os09g0555500"
"49","Os03g0214200"
"50","Os08g0385000"
"51","Os03g0815100"
"52","Os02g0685200"
"53","Os07g0584100"
"54","Os04g0386700"
"55","Os05g0574900"
"56","Os07g0584100"
"57","Os11g0453900"
"58","Os03g0341300"
"59","Os11g0454200"
"60","Os06g0507300"
"61","Os09g0127700"
"62","Os03g0815100"
"63","Os01g0833400"
"64","Os03g0815100"
"65","Os03g0696300"
"66","Os09g0445600"
"67","Os03g0815100"
"68","Os03g0238300"
"69","Os01g0511100"
"70","Os03g0305600"
"71","Os01g0658900"
"72","Os08g0390200"
"73","Os02g0618400"
"74","Os12g0617400"
"75","Os08g0414500"
"76","Os07g0561300"
"77","Os01g0858200"
"78","Os03g0258200"
"79","Os05g0421600"
"80","Os03g0214200"
"81","Os03g0815100"
"82","Os01g0192300"
"83","Os10g0467000"
"84","Os01g0858200"
"85","Os02g0712600"
"86","Os03g0191900"
"87","Os01g0284900"
"88","Os02g0566400"
"89","Os10g0542400"
"90","Os09g0441000"
"91","Os05g0468800"
"92","Os09g0376300"
"93","Os10g0542400"
"94","Os01g0884300"
"95","Os04g0564700"
"96","Os06g0300500"
"97","Os09g0470500"
"98","Os08g0249000"
"99","Os05g0151200"
"100","Os04g0655400"
"101","Os05g0115100"
"102","Os07g0635500"
"103","Os02g0733900"
"104","Os02g0766700"
"105","Os07g0602900"
"106","Os02g0816600"
"107","Os12g0242500"
"108","Os01g0733200"
"109","Os10g0561800"
"110","Os04g0541700"
"111","Os02g0629000"
"112","Os06g0650700"
"113","Os01g0658900"
"114","Os02g0483500"
"115","Os07g0635500"
"116","Os01g0733200"
"117","Os04g0435500"
"118","Os12g0158700"
"119","Os01g0867300"
"120","Os04g0105100"
"121","Os02g0526400"
"122","Os01g0304400"
"123","Os07g0118300"
"124","Os10g0177200"
"125","Os04g0541700"
"126","Os05g0457200"
"127","Os05g0360400"
"128","Os04g0508500"
"129","Os03g0820300"
"130","Os04g0105100"
"131","Os01g0867300"
"132","Os02g0580900"
"133","Os05g0231700"
"134","Os10g0104300"
"135","Os01g0225600"
"136","Os03g0386000"
"137","Os01g0629400"
"138","Os01g0629400"
"139","Os01g0876400"
"140","Os03g0316200"
"141","Os02g0694100"
"142","Os01g0583100"
"143","Os06g0341300"
"144","Os06g0133400"
"145","Os07g0418500"
"146","Os04g0589800"
"147","Os05g0195200"
"148","Os06g0523300"
"149","Os08g0485400"
"150","Os01g0884300"
"151","Os08g0150700"
"152","Os10g0103700"
"153","Os02g0158900"
"154","Os02g0816600"
"155","Os04g0605500"
"156","Os03g0327800"
"157","Os08g0408500"
"158","Os05g0231700"
"159","Os03g0133100"
"160","osa-miR415"
"161","Os01g0717000"
"162","Os08g0408500"
"163","Os10g0561800"
"164","Os08g0472000"
"165","Os04g0605500"
"166","Os01g0802600"
"167","Os11g0240600"
"168","Os09g0394600"
"169","Os09g0518000"
"170","Os01g0858200"
"171","Os01g0314800"
"172","Os06g0324400"
"173","Os10g0466800"
"174","Os01g0633400"
"175","Os11g0454000"
"176","Os03g0377700"
"177","Os03g0419100"
"178","Os01g0556700"
"179","Os04g0541700"
"180","Os03g0645900"
"181","Os10g0576600"
"182","Os08g0442400"
"183","Os08g0408500"
"184","Os08g0465800"
"185","Os02g0618400"
"186","Os05g0206000"
"187","Os02g0686100"
"188","Os02g0591000"
"189","Os01g0952900"
"190","Os10g0576600"
"191","Os01g0112500"
"192","Os11g0643600"
"193","Os05g0198200"
"194","Os03g0419100"
"195","Os01g0173000"
"196","Os07g0633200"
"197","Os08g0472000"
"198","Os01g0833400"
"199","Os02g0139000"
"200","Os05g0212300"
"201","Os03g0346200"
"202","Os03g0822400"
"203","Os05g0122700"
"204","Os05g0510100"
"205","Os03g0374500"
"206","Os03g0298300"
"207","Os06g0107800"
"208","Os02g0686700"
"209","Os12g0506500"
"210","Os02g0526400"
"211","Os12g0624200"
"212","Os08g0476300"
"213","Os03g0269900"
"214","Os03g0655400"
"215","Os01g0841700"
"216","Os03g0125100"
"217","Os02g0254600"
"218","Os03g0696300"
"219","Os11g0109700"
"220","Os04g0583900"
"221","Os07g0517100"
"222","Os10g0516900"
"223","Os01g0716800"
"224","Os03g0655400"
"225","Os03g0117900"
"226","Os05g0524100"
"227","Os10g0522800"
"228","Os01g0866500"
"229","Os10g0576600"
"230","Os01g0214500"
"231","Os03g0316200"
"232","Os01g0658900"
"233","Os02g0265900"
"234","Os08g0472800"
"235","Os01g0112500"
"236","Os04g0527000"
"237","Os08g0472000"
"238","Os01g0316600"
"239","Os01g0264000"
"240","Os02g0741700"
"241","Os07g0517100"
"242","Os02g0805100"
"243","Os03g0292700"
"244","Os02g0759400"
"245","Os09g0558800"
"246","Os08g0181800"
"247","Os07g0584100"
"248","Os01g0312800"
"249","Os05g0138300"
"250","Os12g0567500"
"251","Os02g0807800"
"252","Os03g0823000"
"253","Os09g0470500"
"254","Os06g0683400"
"255","Os01g0121600"
"256","Os07g0419100"
"257","Os01g0658900"
"258","Os07g0544000"
"259","Os02g0789600"
"260","Os02g0669100"
"261","Os12g0106200"
"262","Os07g0517100"
"263","Os05g0316800"
"264","Os05g0573300"
"265","Os01g0227100"
"266","Os01g0797600"
"267","Os01g0112500"
"268","Os04g0605500"
"269","Os11g0528600"
"270","Os01g0841700"
"271","Os03g0857900"
"272","Os04g0568400"
"273","Os02g0668000"
"274","Os03g0823000"
"275","Os02g0181300"
"276","Os01g0846300"
"277","Os06g0683400"
"278","Os11g0106900"
"279","Os06g0211200"
"280","Os05g0595100"
"281","Os03g0655400"
"282","Os01g0731100"
"283","Os03g0655400"
"284","Os06g0211200"
"285","Os08g0465800"
"286","Os01g0803200"
"287","Os04g0435500"
"288","Os06g0687200"
"289","Os07g0637300"
"290","Os02g0703600"
"291","Os04g0384000"
"292","Os04g0527400"
"293","Os02g0574500"
"294","Os07g0178600"
"295","Os05g0560200"
"296","Os04g0527400"
"297","Os12g0168100"
"298","Os03g0273800"
"299","Os07g0637300"
"300","Os06g0710300"
"301","Os08g0465800"
"302","Os03g0820300"
"303","Os03g0767900"
"304","Os02g0705500"
"305","Os03g0822400"
"306","Os03g0250000"
"307","Os04g0527000"
"308","Os01g0803200"
"309","Os10g0103700"
"310","Os11g0151800"
"311","Os09g0379600"
"312","Os02g0140800"
"313","Os05g0542500"
"314","Os05g0578100"
"315","Os04g0659200"
"316","Os07g0687900"
"317","Os05g0138300"
"318","Os09g0395600"
"319","Os02g0669100"
"320","Os03g0298300"
"321","Os02g0681000"
"322","Os02g0580900"
"323","Os02g0574500"
"324","Os02g0786300"
"325","Os04g0617400"
"326","Os01g0797600"
"327","Os01g0601000"
"328","Os01g0138500"
"329","Os12g0106000"
"330","Os08g0533600"
"331","Os07g0418500"
"332","Os08g0425800"
"333","Os06g0683400"
"334","Os10g0401000"
"335","Os01g0699400"
"336","Os01g0867400"
"337","Os05g0195700"
"338","Os09g0537100"
"339","Os04g0617700"
"340","Os11g0454300"
"341","Os05g0138300"
"342","Os11g0582300"
"343","Os01g0303300"
"344","Os01g0151600"
"345","Os03g0639300"
"346","Os03g0820200"
"347","Os07g0502900"
"348","Os09g0364800"
"349","Os02g0574500"
"350","Os01g0831300"
"351","Os01g0935600"
"352","Os01g0876400"
"353","Os04g0610400"
"354","Os04g0579200"
"355","Os01g0797600"
"356","Os06g0258000"
"357","Os05g0312000"
"358","Os01g0858200"
"359","Os01g0227100"
"360","Os03g0857900"
"361","Os01g0728700"
"362","Os01g0507700"
"363","Os03g0625300"
"364","Os09g0561000"
"365","Os05g0195700"
"366","Os07g0271000"
"367","Os10g0532600"
"368","Os01g0183300"
"369","Os04g0578400"
"370","Os02g0654600"
"371","Os05g0566800"
"372","Os03g0107700"
"373","Os01g0844500"
"374","Os03g0250000"
"375","Os05g0410800"
"376","Os10g0103700"
"377","Os06g0160700"
"378","Os02g0582800"
"379","Os12g0610600"
"380","Os03g0634400"
"381","Os05g0138300"
"382","Os02g0705500"
"383","Os04g0435500"
"384","Os01g0817600"
"385","Os11g0106700"
"386","Os03g0351300"
"387","Os05g0148700"
"388","Os01g0315600"
"389","Os04g0527000"
"390","Os12g0106000"
"391","Os06g0206900"
"392","Os08g0205800"
"393","Os05g0138300"
"394","Os05g0138300"
"395","Os03g0723400"
"396","Os05g0514400"
"397","Os02g0707500"
"398","Os12g0156800"
"399","Os04g0435500"
"400","Os02g0209300"
"401","Os11g0586300"
"402","Os04g0667300"
"403","Os07g0616800"
"404","Os12g0106000"
"405","Os03g0639300"
"406","Os06g0702000"
"407","Os08g0440800"
"408","Os08g0440800"
"409","Os03g0334200"
"410","Os01g0692100"
"411","Os07g0178600"
"412","Os03g0425300"
"413","Os03g0610400"
"414","Os01g0797600"
"415","Os03g0807900"
"416","Os02g0636600"
"417","Os02g0789600"
"418","Os05g0566800"
"419","Os01g0234700"
"420","Os12g0539700"
"421","Os03g0286900"
"422","Os04g0603400"
"423","Os06g0275000"
"424","Os01g0954000"
"425","Os08g0465800"
"426","Os06g0661800"
"427","Os03g0857900"
"428","Os08g0557600"
"429","Os11g0109700"
"430","Os04g0581800"
"431","Os07g0637300"
"432","Os08g0445000"
"433","Os08g0557600"
"434","Os11g0490100"
"435","Os08g0465800"
"436","Os07g0558100"
"437","Os01g0901600"
"438","Os09g0474000"
"439","Os11g0586300"
"440","Os01g0717000"
"441","Os06g0110200"
"442","Os01g0264600"
"443","Os01g0955000"
"444","Os11g0676500"
"445","Os06g0662200"
"446","Os01g0717000"
"447","Os04g0672100"
"448","Os01g0717000"
"449","Os06g0166400"
"450","Os03g0808300"
"451","Os03g0334200"
"452","Os09g0572400"
"453","Os09g0470500"
"454","Os01g0893400"
"455","Os10g0544600"
"456","Os08g0359100"
"457","Os11g0109700"
"458","Os02g0537000"
"459","Os07g0684300"
"460","Os11g0622000"
"461","Os03g0273800"
"462","Os10g0576600"
"463","Os03g0701200"
"464","Os05g0488600"
"465","Os01g0600500"
"466","Os06g0705700"
"467","Os06g0260000"
"468","Os02g0559800"
"469","Os10g0577500"
"470","Os03g0188400"
"471","Os05g0165600"
"472","Os08g0535800"
"473","Os10g0544600"
"474","Os06g0199300"
"475","Os03g0623100"
"476","Os03g0377600"
"477","Os06g0683100"
"478","Os05g0408900"
"479","Os08g0515700"
"480","Os11g0177400"
"481","Os04g0479900"
"482","Os04g0526800"
"483","Os11g0143200"
"484","Os06g0700300"
"485","Os12g0155100"
"486","Os09g0325800"
"487","Os03g0624300"
"488","Os11g0106700"
"489","Os01g0625300"
"490","Os07g0178600"
"491","Os05g0576700"
"492","Os05g0595100"
"493","Os02g0561800"
"494","Os08g0535800"
"495","Os02g0561400"
"496","Os01g0295700"
"497","Os01g0846300"
"498","Os05g0537100"
"499","Os01g0192300"
"500","Os03g0287000"
"501","Os04g0635400"
"502","Os08g0440800"
"503","Os03g0425300"
"504","Os05g0426400"
"505","Os06g0543400"
"506","Os12g0106000"
"507","Os01g0822800"
"508","Os01g0803200"
"509","Os10g0568900"
"510","Os04g0448900"
"511","Os04g0665600"
"512","Os01g0346600"
"513","Os05g0439400"
"514","Os03g0684700"
"515","Os08g0533600"
"516","Os03g0725800"
"517","Os06g0275000"
"518","Os04g0482900"
"519","Os03g0197100"
"520","Os09g0456200"
"521","Os12g0106000"
"522","Os06g0714800"
"523","Os01g0863300"
"524","Os04g0512500"
"525","Os01g0784500"
"526","Os03g0719400"
"527","Os01g0978400"
"528","Os05g0408900"
"529","Os05g0476000"
"530","Os03g0292100"
"531","Os05g0138300"
"532","Os06g0140900"
"533","Os06g0522300"
"534","Os07g0488200"
"535","Os03g0107700"
"536","Os03g0610400"
"537","Os02g0799300"
"538","Os05g0447700"
"539","Os02g0681200"
"540","Os04g0610600"
"541","Os05g0389400"
"542","Os01g0165000"
"543","Os03g0230300"
"544","Os04g0691900"
"545","Os01g0743500"
"546","Os12g0148700"
"547","Os09g0558000"
"548","Os05g0249300"
"549","osa-miR415"
"550","Os01g0710100"
"551","Os01g0661500"
"552","Os04g0546500"
"553","Os01g0893400"
"554","Os07g0687900"
"555","Os08g0376600"
"556","Os10g0479100"
"557","Os11g0274700"
"558","Os03g0675300"
"559","Os02g0764700"
"560","Os06g0127100"
"561","Os01g0676800"
"562","Os02g0560600"
"563","Os07g0209100"
"564","Os01g0297000"
"565","Os01g0946100"
"566","Os11g0686900"
"567","Os06g0662200"
"568","Os06g0125200"
"569","Os10g0515200"
"570","Os08g0128200"
"571","Os10g0544600"
"572","Os03g0162500"
"573","Os03g0766800"
"574","Os09g0442100"
"575","Os05g0568100"
"576","Os06g0216300"
"577","Os07g0573000"
"578","Os02g0648100"
"579","Os02g0649300"
"580","Os01g0854000"
"581","Os05g0500100"
"582","Os01g0513400"
"583","Os06g0318600"
"584","Os11g0226900"
"585","Os03g0247900"
"586","Os01g0924200"
"587","Os11g0155500"
"588","Os06g0208700"
"589","Os05g0408900"
"590","Os02g0734300"
"591","Os02g0648100"
"592","Os10g0529700"
"593","Os04g0675000"
"594","Os02g0223700"
"595","Os05g0542200"
"596","Os06g0505700"
"597","Os05g0408900"
"598","Os03g0701200"
"599","Os07g0671800"
"600","Os05g0529400"
"601","Os03g0820400"
"602","Os02g0775300"
"603","Os10g0422600"
"604","Os08g0425800"
"605","Os04g0664900"
"606","Os04g0679600"
"607","Os04g0658200"
"608","Os01g0625900"
"609","Os07g0671800"
"610","Os08g0472000"
"611","Os01g0618300"
"612","Os05g0126800"
"613","Os08g0445700"
"614","Os06g0666400"
"615","Os03g0192100"
"616","Os03g0810100"
"617","Os03g0230300"
"618","Os12g0191500"
"619","Os09g0395600"
"620","Os03g0159400"
"621","Os01g0946100"
"622","Os09g0412300"
"623","Os10g0492900"
"624","Os03g0280400"
"625","Os12g0139300"
"626","Os04g0460600"
"627","Os05g0215300"
"628","Os02g0122600"
"629","Os05g0129800"
"630","Os01g0836900"
"631","Os02g0549700"
"632","Os01g0385400"
"633","Os03g0561000"
"634","Os01g0383700"
"635","Os01g0717000"
"636","Os08g0243100"
"637","Os01g0781100"
"638","Os04g0460600"
"639","Os07g0122000"
"640","Os04g0483000"
"641","Os08g0485400"
"642","Os07g0661600"
"643","Os02g0681200"
"644","Os04g0460600"
"645","Os02g0578100"
"646","Os03g0745000"
"647","Os07g0684100"
"648","Os07g0269000"
"649","Os05g0426400"
"650","Os03g0141200"
"651","Os07g0671800"
"652","Os09g0455300"
"653","Os04g0483200"
"654","Os06g0216300"
"655","Os02g0631300"
"656","Os02g0602900"
"657","Os03g0141200"
"658","Os09g0418000"
"659","Os03g0273800"
"660","Os07g0614300"
"661","Os04g0546800"
"662","Os03g0359600"
"663","Os02g0106100"
"664","Os07g0684100"
"665","Os07g0538400"
"666","Os04g0435200"
"667","Os04g0675000"
"668","Os06g0168700"
"669","Os11g0106700"
"670","Os03g0857900"
"671","Os12g0137600"
"672","Os04g0617700"
"673","Os04g0522500"
"674","Os01g0625300"
"675","Os01g0503500"
"676","Os07g0487100"
"677","Os06g0625300"
"678","Os10g0568900"
"679","Os09g0532400"
"680","Os01g0731100"
"681","Os09g0455300"
"682","Os07g0683200"
"683","Os05g0195100"
"684","Os03g0152000"
"685","Os11g0479400"
"686","Os09g0418000"
"687","Os08g0533300"
"688","Os08g0239900"
"689","Os05g0192100"
"690","Os02g0790500"
"691","Os03g0181100"
"692","Os01g0935800"
"693","Os03g0171700"
"694","Os12g0187800"
"695","Os03g0181100"
"696","Os06g0216300"
"697","Os04g0610900"
"698","Os01g0952900"
"699","Os07g0684100"
"700","Os02g0550800"
"701","Os09g0343500"
"702","Os01g0955000"
"703","Os03g0133100"
"704","Os03g0339900"
"705","Os03g0142600"
"706","Os08g0415600"
"707","Os05g0540900"
"708","Os09g0418000"
"709","Os06g0636600"
"710","Os10g0470200"
"711","Os09g0311600"
"712","Os02g0790500"
"713","Os08g0492000"
"714","Os02g0814000"
"715","Os02g0775600"
"716","Os02g0812500"
"717","Os01g0659900"
"718","Os03g0197100"
"719","Os01g0180000"
"720","Os03g0820400"
"721","Os05g0138300"
"722","Os08g0535800"
"723","Os04g0137400"
"724","Os10g0198100"
"725","Os02g0222100"
"726","Os05g0542200"
"727","Os03g0171300"
"728","Os02g0561000"
"729","Os10g0577500"
"730","Os10g0508700"
"731","Os01g0661600"
"732","Os01g0901600"
"733","Os09g0507100"
"734","Os01g0783200"
"735","Os01g0624700"
"736","Os08g0467300"
"737","Os03g0803200"
"738","Os02g0252200"
"739","Os02g0575000"
"740","Os11g0109700"
"741","Os04g0645500"
"742","Os05g0555700"
"743","Os02g0814000"
"744","Os03g0796600"
"745","Os09g0418000"
"746","Os04g0586100"
"747","Os03g0358800"
"748","Os02g0777100"
"749","Os10g0470700"
"750","Os06g0613500"
"751","Os01g0731100"
"752","Os01g0228500"
"753","Os04g0625200"
"754","Os08g0478700"
"755","Os12g0571800"
"756","Os03g0656500"
"757","Os02g0122500"
"758","Os03g0701200"
"759","Os01g0719000"
"760","Os08g0545500"
"761","Os02g0668000"
"762","Os07g0422100"
"763","Os08g0201100"
"764","Os12g0156200"
"765","Os01g0311600"
"766","Os07g0617000"
"767","Os06g0158500"
"768","Os05g0500200"
"769","Os11g0182200"
"770","Os01g0701900"
"771","Os06g0498800"
"772","Os02g0560200"
"773","Os07g0410300"
"774","Os06g0524400"
"775","Os01g0948600"
"776","Os02g0252200"
"777","Os02g0190700"
"778","Os02g0224100"
"779","Os04g0226500"
"780","Os06g0233800"
"781","Os04g0506000"
"782","Os08g0549900"
"783","Os01g0766300"
"784","Os05g0521900"
"785","Os04g0460600"
"786","Os12g0530300"
"787","Os01g0871500"
"788","Os11g0546900"
"789","Os11g0634200"
"790","Os06g0266800"
"791","Os05g0447700"
"792","Os03g0833600"
"793","Os04g0469500"
"794","Os04g0600000"
"795","Os07g0251800"
"796","Os02g0601800"
"797","Os01g0655500"
"798","Os09g0532400"
"799","Os04g0662400"
"800","Os04g0412300"
"801","Os07g0617000"
"802","Os08g0153900"
"803","Os12g0612300"
"804","Os02g0579000"
"805","Os03g0218400"
"806","Os03g0858700"
"807","Os07g0422100"
"808","Os04g0658200"
"809","Os07g0617000"
"810","Os12g0637000"
"811","Os11g0687000"
"812","Os02g0215500"
"813","Os06g0654900"
"814","Os08g0436700"
"815","Os05g0578900"
"816","Os10g0524300"
"817","Os12g0561900"
"818","Os03g0113000"
"819","Os08g0269000"
"820","Os01g0905200"
"821","Os05g0179100"
"822","Os04g0511200"
"823","Os02g0681200"
"824","Os01g0283300"
"825","Os07g0201500"
"826","Os01g0693300"
"827","Os02g0756600"
"828","Os01g0642100"
"829","Os06g0659400"
"830","Os07g0559700"
"831","Os03g0225700"
"832","Os02g0626400"
"833","Os08g0192800"
"834","Os01g0562600"
"835","Os03g0386500"
"836","Os10g0456100"
"837","Os02g0509600"
"838","Os05g0589500"
"839","Os04g0405900"
"840","Os01g0174100"
"841","Os05g0540900"
"842","Os07g0621200"
"843","Os02g0560600"
"844","Os07g0549100"
"845","Os05g0542200"
"846","Os06g0692600"
"847","Os02g0313700"
"848","Os04g0676800"
"849","Os06g0208700"
"850","Os05g0502000"
"851","Os09g0400200"
"852","Os04g0623300"
"853","Os05g0360900"
"854","Os01g0385400"
"855","Os09g0131200"
"856","Os01g0281100"
"857","Os04g0623300"
"858","Os12g0616800"
"859","Os05g0252100"
"860","Os02g0740600"
"861","Os03g0200200"
"862","Os08g0192800"
"863","Os01g0283300"
"864","Os08g0429200"
"865","Os01g0876400"
"866","Os07g0187400"
"867","Os04g0479900"
"868","Os05g0242100"
"869","Os04g0623300"
"870","Os08g0192800"
"871","Os06g0692500"
"872","Os02g0630300"
"873","Os01g0192300"
"874","Os07g0638300"
"875","Os07g0132300"
"876","Os03g0120900"
"877","Os01g0175900"
"878","Os02g0226300"
"879","Os01g0187900"
"880","Os09g0532400"
"881","Os12g0124100"
"882","Os02g0799700"
"883","Os05g0551700"
"884","Os12g0633600"
"885","Os09g0466300"
"886","Os03g0702000"
"887","Os01g0704300"
"888","Os07g0635900"
"889","Os01g0868000"
"890","Os01g0190900"
"891","Os11g0666100"
"892","Os08g0533600"
"893","Os06g0216300"
"894","Os08g0467500"
"895","Os09g0304500"
"896","Os10g0162100"
"897","Os02g0202900"
"898","Os07g0638100"
"899","Os02g0700400"
"900","Os11g0449600"
"901","Os11g0644600"
"902","Os04g0630200"
"903","Os01g0309800"
"904","Os11g0118300"
"905","Os01g0727500"
"906","Os01g0311600"
"907","Os04g0231800"
"908","Os01g0139900"
"909","Os03g0861400"
"910","Os01g0719000"
"911","Os01g0220500"
"912","Os02g0514500"
"913","Os09g0522200"
"914","Os11g0487600"
"915","Os02g0579000"
"916","Os03g0327600"
"917","Os01g0191200"
"918","Os01g0155500"
"919","Os08g0273600"
"920","Os03g0351700"
"921","Os04g0415800"
"922","Os02g0578000"
"923","Os04g0127100"
"924","Os06g0354700"
"925","Os02g0224100"
"926","Os10g0390800"
"927","Os06g0203600"
"928","Os02g0759400"
"929","Os03g0162800"
"930","Os05g0569300"
"931","Os04g0605300"
"932","Os07g0108800"
"933","Os01g0719300"
"934","Os09g0400700"
"935","Os01g0283300"
"936","Os01g0876400"
"937","Os07g0635900"
"938","Os06g0218900"
"939","Os10g0521000"
"940","Os08g0535800"
"941","Os07g0635900"
"942","Os09g0437100"
"943","Os06g0496800"
"944","Os03g0404500"
"945","Os07g0671800"
"946","Os04g0645900"
"947","Os03g0816800"
"948","Os01g0787400"
"949","Os01g0654400"
"950","Os02g0756800"
"951","Os03g0784100"
"952","Os03g0364700"
"953","Os02g0201300"
"954","Os02g0733500"
"955","Os01g0153500"
"956","Os05g0331200"
"957","Os03g0218400"
"958","Os01g0170000"
"959","Os03g0198900"
"960","Os03g0381500"
"961","Os03g0279500"
"962","Os02g0686300"
"963","Os05g0550600"
"964","Os05g0136200"
"965","Os01g0191200"
"966","Os05g0212300"
"967","Os08g0553600"
"968","Os03g0407400"
"969","Os06g0618700"
"970","Os01g0300000"
"971","Os08g0374600"
"972","Os07g0691300"
"973","Os04g0185600"
"974","Os06g0660400"
"975","Os07g0687900"
"976","Os02g0820500"
"977","osa-miR394"
"978","Os01g0719000"
"979","Os02g0561900"
"980","Os01g0283300"
"981","Os03g0325500"
"982","Os01g0915000"
"983","Os12g0132200"
"984","Os11g0479400"
"985","Os02g0568200"
"986","Os03g0412400"
"987","Os05g0226000"
"988","Os07g0638300"
"989","Os06g0272900"
"990","Os07g0569100"
"991","Os11g0241000"
"992","Os12g0568700"
"993","Os10g0390000"
"994","Os12g0484600"
"995","Os01g0261400"
"996","Os03g0746900"
"997","Os05g0380900"
"998","Os10g0173000"
"999","Os08g0457000"
"1000","Os03g0358200"
"1001","Os01g0624700"
"1002","Os10g0489000"
"1003","Os01g0639600"
"1004","Os01g0802700"
"1005","Os02g0462800"
"1006","Os01g0191200"
"1007","Os07g0520300"
"1008","Os11g0182200"
"1009","Os04g0605300"
"1010","Os01g0191200"
"1011","Os08g0467500"
"1012","Os09g0536700"
"1013","Os05g0427900"
"1014","Os08g0124500"
"1015","Os08g0273600"
"1016","Os02g0232000"
"1017","Os05g0572000"
"1018","Os09g0286600"
"1019","Os07g0592000"
"1020","Os01g0609900"
"1021","Os01g0191200"
"1022","Os07g0176200"
"1023","Os07g0486700"
"1024","Os05g0304900"
"1025","Os03g0820400"
"1026","Os07g0556300"
"1027","Os03g0807900"
"1028","Os02g0635800"
"1029","Os08g0124500"
"1030","Os11g0130400"
"1031","Os08g0356500"
"1032","Os06g0147100"
"1033","Os09g0522200"
"1034","Os04g0605500"
"1035","Os04g0527400"
"1036","Os10g0205300"
"1037","Os07g0531200"
"1038","Os11g0118300"
"1039","Os05g0380200"
"1040","Os01g0899800"
"1041","Os02g0250600"
"1042","Os01g0930500"
"1043","Os01g0191200"
"1044","Os04g0527400"
"1045","Os09g0522200"
"1046","Os12g0478200"
"1047","Os06g0102700"
"1048","Os02g0775600"
"1049","Os11g0569600"
"1050","Os03g0180900"
"1051","Os02g0560200"
"1052","Os09g0240600"
"1053","Os05g0361700"
"1054","Os06g0239500"
"1055","Os02g0820500"
"1056","Os12g0539700"
"1057","Os07g0599300"
"1058","Os02g0626400"
"1059","Os07g0489200"
"1060","Os04g0584100"
"1061","Os08g0201500"
"1062","Os05g0361700"
"1063","Os11g0112400"
"1064","Os01g0864000"
"1065","Os03g0769500"
"1066","Os05g0552700"
"1067","Os03g0325500"
"1068","Os03g0339900"
"1069","Os04g0605300"
"1070","Os05g0490400"
"1071","Os07g0241500"
"1072","Os09g0425200"
"1073","Os02g0656600"
"1074","Os10g0411500"
"1075","Os02g0533700"
"1076","Os03g0165900"
"1077","Os03g0725200"
"1078","Os07g0182400"
"1079","Os07g0674500"
"1080","Os04g0450000"
"1081","Os09g0296800"
"1082","Os12g0137700"
"1083","Os05g0103300"
"1084","Os08g0369000"
"1085","Os04g0515900"
"1086","Os02g0153700"
"1087","Os01g0702500"
"1088","Os07g0638300"
"1089","Os04g0542200"
"1090","Os03g0745000"
"1091","Os02g0181300"
"1092","Os10g0370600"
"1093","Os08g0171800"
"1094","Os11g0244600"
"1095","Os07g0666900"
"1096","Os09g0272000"
"1097","Os08g0356700"
"1098","Os01g0606900"
"1099","Os11g0649600"
"1100","Os07g0225300"
"1101","Os02g0167600"
"1102","Os07g0628500"
"1103","Os05g0380900"
"1104","Os03g0388800"
"1105","Os06g0331900"
"1106","Os02g0561400"
"1107","Os05g0136200"
"1108","Os06g0496800"
"1109","Os12g0484600"
"1110","Os02g0228300"
"1111","Os02g0561800"
"1112","Os02g0721100"
"1113","Os02g0751900"
"1114","Os01g0296200"
"1115","Os01g0609900"
"1116","Os02g0707900"
"1117","Os05g0148700"
"1118","Os01g0308300"
"1119","Os12g0580900"
"1120","Os03g0248200"
"1121","Os07g0510600"
"1122","Os12g0226900"
"1123","Os12g0117400"
"1124","Os10g0362700"
"1125","Os01g0391100"
"1126","Os04g0635500"
"1127","Os12g0610100"
"1128","Os03g0766600"
"1129","Os10g0479000"
"1130","Os03g0154000"
"1131","Os03g0298900"
"1132","Os09g0482300"
"1133","Os07g0176200"
"1134","Os03g0808000"
"1135","Os02g0709600"
"1136","Os04g0676800"
"1137","Os04g0581600"
"1138","Os01g0556900"
"1139","Os04g0674000"
"1140","Os03g0404500"
"1141","Os12g0179100"
"1142","Os01g0716800"
"1143","Os11g0609500"
"1144","Os07g0666900"
"1145","Os08g0201100"
"1146","Os01g0795600"
"1147","Os03g0735500"
"1148","Os02g0167600"
"1149","Os07g0638300"
"1150","Os04g0365100"
"1151","Os07g0633200"
"1152","Os05g0545300"
"1153","Os01g0719100"
"1154","Os04g0448300"
"1155","Os07g0680400"
"1156","Os07g0666900"
"1157","Os07g0158500"
"1158","Os05g0200700"
"1159","Os05g0168200"
"1160","Os03g0796600"
"1161","Os06g0211300"
"1162","Os05g0569500"
"1163","Os06g0714800"
"1164","Os06g0158800"
"1165","Os12g0137700"
"1166","Os08g0556400"
"1167","Os11g0138300"
"1168","Os04g0497000"
"1169","Os11g0302800"
"1170","Os04g0319800"
"1171","Os01g0266100"
"1172","Os05g0279900"
"1173","Os02g0174100"
"1174","Os02g0561000"
"1175","Os12g0539700"
"1176","Os05g0484800"
"1177","Os01g0876400"
"1178","Os05g0398800"
"1179","Os04g0204100"
"1180","Os10g0330400"
"1181","Os01g0101200"
"1182","Os11g0207400"
"1183","Os12g0134900"
"1184","Os04g0584100"
"1185","Os02g0170900"
"1186","Os09g0522200"
"1187","Os09g0369500"
"1188","Os09g0522200"
"1189","Os12g0604700"
"1190","Os03g0414100"
"1191","Os07g0666900"
"1192","Os11g0154800"
"1193","Os01g0914000"
"1194","Os01g0955100"
"1195","Os01g0701500"
"1196","Os03g0357100"
"1197","Os01g0719100"
"1198","Os06g0661800"
"1199","Os02g0732600"
"1200","Os04g0674000"
"1201","Os05g0584400"
"1202","Os02g0257200"
"1203","Os05g0569500"
"1204","Os04g0162800"
"1205","Os03g0854000"
"1206","Os06g0554200"
"1207","Os05g0568600"
"1208","Os05g0408900"
"1209","Os02g0606200"
"1210","Os05g0426000"
"1211","Os03g0219100"
"1212","Os03g0617500"
"1213","Os08g0444400"
"1214","Os05g0268700"
"1215","Os01g0201100"
"1216","Os03g0858700"
"1217","Os12g0604700"
"1218","Os03g0169600"
"1219","Os05g0408900"
"1220","Os07g0628500"
"1221","Os04g0562800"
"1222","Os02g0606200"
"1223","Os01g0723500"
"1224","Os07g0633300"
"1225","Os09g0121200"
"1226","Os05g0319800"
"1227","Os10g0562900"
"1228","Os01g0135800"
"1229","Os06g0321600"
"1230","Os07g0624600"
"1231","Os10g0397800"
"1232","Os09g0452900"
"1233","Os03g0204900"
"1234","Os05g0171200"
"1235","Os04g0629600"
"1236","Os01g0743500"
"1237","Os12g0121000"
"1238","Os02g0606200"
"1239","Os04g0523100"
"1240","Os01g0957600"
"1241","Os08g0373400"
"1242","Os03g0273800"
"1243","Os08g0425500"
"1244","Os11g0676800"
"1245","Os03g0169600"
"1246","Os03g0169600"
"1247","Os09g0493000"
"1248","Os09g0441900"
"1249","Os01g0308300"
"1250","Os08g0177400"
"1251","Os02g0705500"
"1252","Os02g0327500"
"1253","Os05g0134200"
"1254","Os01g0803300"
"1255","Os04g0203900"
"1256","Os08g0290700"
"1257","Os02g0651900"
"1258","Os06g0136300"
"1259","Os06g0486300"
"1260","Os07g0633400"
"1261","Os06g0142200"
"1262","Os10g0380100"
"1263","Os03g0760200"
"1264","Os02g0611200"
"1265","Os05g0551700"
"1266","Os05g0355400"
"1267","Os02g0710300"
"1268","Os03g0188100"
"1269","Os01g0730200"
"1270","Os01g0844200"
"1271","Os07g0548500"
"1272","Os05g0355400"
"1273","Os09g0444600"
"1274","Os04g0546500"
"1275","Os07g0188700"
"1276","Os01g0241400"
"1277","Os01g0368100"
"1278","Os03g0184300"
"1279","Os09g0447500"
"1280","Os08g0476100"
"1281","Os08g0277200"
"1282","Os02g0611200"
"1283","Os09g0371000"
"1284","Os02g0781900"
"1285","Os03g0197100"
"1286","Os04g0635500"
"1287","Os07g0519300"
"1288","Os08g0109000"
"1289","Os04g0672300"
"1290","Os07g0237700"
"1291","Os04g0578000"
"1292","Os05g0149400"
"1293","Os03g0617500"
"1294","Os02g0271000"
"1295","Os09g0345300"
"1296","Os01g0732200"
"1297","Os11g0240000"
"1298","Os02g0566000"
"1299","Os03g0439000"
"1300","Os09g0492900"
"1301","Os07g0628500"
"1302","Os01g0950200"
"1303","Os06g0147000"
"1304","Os03g0184300"
"1305","Os12g0257600"
"1306","Os01g0644200"
"1307","Os02g0462800"
"1308","Os11g0204800"
"1309","Os07g0581700"
"1310","Os06g0675300"
"1311","Os04g0513400"
"1312","Os04g0527900"
"1313","Os10g0158700"
"1314","Os03g0613100"
"1315","Os06g0650900"
"1316","Os11g0227700"
"1317","Os06g0130800"
"1318","Os05g0319800"
"1319","Os02g0611200"
"1320","Os04g0543900"
"1321","Os07g0225300"
"1322","Os08g0548700"
"1323","Os02g0645000"
"1324","Os12g0610200"
"1325","Os03g0221700"
"1326","Os01g0359400"
"1327","Os02g0466400"
"1328","Os03g0320400"
"1329","Os07g0139400"
"1330","Os01g0750400"
"1331","Os01g0362100"
"1332","Os06g0215900"
"1333","Os05g0475400"
"1334","Os08g0551300"
"1335","Os06g0298100"
"1336","Os12g0603700"
"1337","Os03g0726400"
"1338","Os04g0585000"
"1339","Os03g0165900"
"1340","Os01g0637400"
"1341","Os01g0311800"
"1342","Os06g0196200"
"1343","Os09g0572700"
"1344","Os02g0601800"
"1345","Os05g0161700"
"1346","Os08g0445700"
"1347","Os06g0179400"
"1348","Os12g0623600"
"1349","Os12g0226900"
"1350","Os02g0185400"
"1351","Os02g0718600"
"1352","Os02g0651900"
"1353","Os06g0531400"
"1354","Os01g0175100"
"1355","Os01g0786700"
"1356","Os01g0944100"
"1357","Os01g0276900"
"1358","Os01g0761300"
"1359","Os06g0130800"
"1360","Os07g0663300"
"1361","Os01g0893400"
"1362","Os01g0937800"
"1363","Os12g0615200"
"1364","Os01g0719100"
"1365","Os10g0557900"
"1366","Os03g0315400"
"1367","Os04g0208800"
"1368","Os04g0635200"
"1369","Os01g0731600"
"1370","Os12g0281300"
"1371","Os06g0641800"
"1372","Os02g0525100"
"1373","Os11g0552500"
"1374","Os04g0674000"
"1375","Os05g0563900"
"1376","Os01g0826400"
"1377","Os12g0156200"
"1378","Os01g0794400"
"1379","Os07g0108900"
"1380","Os04g0537100"
"1381","Os07g0581700"
"1382","Os06g0147100"
"1383","Os08g0420700"
"1384","Os06g0185900"
"1385","Os01g0793800"
"1386","Os01g0206300"
"1387","Os06g0707400"
"1388","Os08g0200600"
"1389","Os04g0313300"
"1390","Os03g0667500"
"1391","Os03g0790500"
"1392","Os09g0536700"
"1393","Os07g0468200"
"1394","Os12g0583700"
"1395","Os01g0166500"
"1396","Os05g0223000"
"1397","Os10g0514500"
"1398","Os06g0534800"
"1399","Os09g0526200"
"1400","Os04g0414500"
"1401","Os05g0499800"
"1402","Os02g0666700"
"1403","Os11g0229300"
"1404","Os02g0461700"
"1405","Os06g0534800"
"1406","Os03g0339400"
"1407","Os02g0282600"
"1408","Os03g0806600"
"1409","Os03g0760200"
"1410","Os01g0955000"
"1411","Os06g0633100"
"1412","Os09g0255800"
"1413","Os01g0886700"
"1414","Os04g0445000"
"1415","Os04g0326100"
"1416","Os01g0563600"
"1417","Os12g0455100"
"1418","Os02g0216300"
"1419","Os02g0652800"
"1420","Os08g0538600"
"1421","Os06g0160700"
"1422","Os04g0618700"
"1423","Os11g0444800"
"1424","Os09g0486500"
"1425","Os11g0659200"
"1426","Os12g0120100"
"1427","Os06g0168700"
"1428","Os09g0484300"
"1429","Os11g0501000"
"1430","Os05g0324700"
"1431","Os05g0592300"
"1432","Os03g0304800"
"1433","Os01g0775400"
"1434","Os11g0506800"
"1435","Os07g0147600"
"1436","Os12g0230500"
"1437","Os05g0579600"
"1438","Os08g0442900"
"1439","Os01g0253900"
"1440","Os01g0213500"
"1441","Os01g0221100"
"1442","Os07g0147600"
"1443","Os07g0489200"
"1444","Os12g0634400"
"1445","Os05g0554000"
"1446","Os01g0124400"
"1447","Os03g0667500"
"1448","Os09g0437500"
"1449","Os04g0126900"
"1450","Os03g0221700"
"1451","Os05g0592300"
"1452","Os03g0666800"
"1453","Os08g0200600"
"1454","Os05g0211100"
"1455","Os07g0147600"
"1456","Os01g0893700"
"1457","Os12g0150200"
"1458","Os01g0124400"
"1459","Os01g0341300"
"1460","Os02g0671100"
"1461","Os01g0315700"
"1462","Os03g0771500"
"1463","Os09g0376600"
"1464","Os06g0114400"
"1465","Os05g0225800"
"1466","Os03g0226400"
"1467","Os04g0391900"
"1468","Os06g0524300"
"1469","Os01g0795700"
"1470","Os01g0670100"
"1471","Os02g0204200"
"1472","Os03g0667500"
"1473","Os03g0643700"
"1474","Os10g0374600"
"1475","osa-miR169k"
"1476","Os09g0536700"
"1477","Os12g0281300"
"1478","Os11g0684600"
"1479","Os01g0305900"
"1480","Os03g0757100"
"1481","Os05g0572700"
"1482","Os01g0902700"
"1483","Os07g0432800"
"1484","Os11g0572700"
"1485","Os11g0590700"
"1486","Os08g0327700"
"1487","Os01g0247500"
"1488","Os07g0659300"
"1489","Os09g0524300"
"1490","Os06g0215900"
"1491","Os03g0374400"
"1492","Os06g0107100"
"1493","Os09g0437500"
"1494","Os03g0261800"
"1495","Os03g0111300"
"1496","Os09g0460700"
"1497","Os06g0210900"
"1498","Os06g0699300"
"1499","Os09g0519200"
"1500","Os08g0428200"
"1501","Os08g0551800"
"1502","Os01g0301100"
"1503","Os02g0160600"
"1504","Os06g0142200"
"1505","Os12g0112000"
"1506","Os10g0378500"
"1507","Os01g0717000"
"1508","Os05g0122800"
"1509","Os09g0519200"
"1510","Os03g0640000"
"1511","Os04g0635300"
"1512","Os01g0720400"
"1513","Os03g0105500"
"1514","Os06g0166500"
"1515","Os03g0828300"
"1516","Os01g0826400"
"1517","Os05g0361700"
"1518","Os03g0388600"
"1519","Os08g0111300"
"1520","Os05g0344200"
"1521","Os06g0223700"
"1522","Os05g0595100"
"1523","Os11g0594800"
"1524","Os07g0503200"
"1525","Os12g0570300"
"1526","Os10g0450800"
"1527","Os07g0646800"
"1528","Os11g0305300"
"1529","Os12g0194900"
"1530","Os02g0566300"
"1531","Os01g0803200"
"1532","Os04g0521100"
"1533","Os07g0142900"
"1534","Os03g0768900"
"1535","Os08g0551200"
"1536","Os03g0745000"
"1537","Os08g0105700"
"1538","Os05g0318100"
"1539","Os12g0281300"
"1540","Os04g0669900"
"1541","Os08g0431900"
"1542","Os12g0561900"
"1543","Os04g0547600"
"1544","Os06g0313500"
"1545","Os07g0124100"
"1546","Os06g0142200"
"1547","Os06g0158900"
"1548","Os08g0412800"
"1549","Os05g0525900"
"1550","Os04g0615800"
"1551","Os10g0330400"
"1552","Os12g0188700"
"1553","Os06g0181700"
"1554","Os11g0180100"
"1555","Os03g0766600"
"1556","Os08g0109400"
"1557","Os03g0339900"
"1558","Os11g0671100"
"1559","Os08g0474000"
"1560","Os11g0582400"
"1561","Os07g0534100"
"1562","Os02g0215700"
"1563","Os01g0759400"
"1564","Os11g0643800"
"1565","Os05g0409500"
"1566","Os06g0214300"
"1567","Os01g0179800"
"1568","Os03g0168100"
"1569","Os02g0231700"
"1570","Os03g0745000"
"1571","Os02g0219700"
"1572","Os09g0543900"
"1573","Os02g0219200"
"1574","Os08g0416000"
"1575","Os02g0154000"
"1576","Os03g0243700"
"1577","Os08g0481700"
"1578","Os05g0557100"
"1579","Os01g0563500"
"1580","Os01g0878400"
"1581","Os01g0263600"
"1582","Os10g0447900"
"1583","Os02g0223200"
"1584","Os03g0142500"
"1585","Os02g0673100"
"1586","Os01g0806200"
"1587","Os12g0257700"
"1588","Os06g0233000"
"1589","Os03g0149300"
"1590","Os12g0594000"
"1591","Os03g0561400"
"1592","Os01g0166500"
"1593","Os01g0783200"
"1594","Os11g0259700"
"1595","Os01g0346400"
"1596","Os09g0486500"
"1597","Os02g0690600"
"1598","Os05g0381400"
"1599","Os05g0344200"
"1600","Os05g0384300"
"1601","Os03g0157700"
"1602","Os05g0361000"
"1603","Os09g0471800"
"1604","Os06g0606700"
"1605","Os01g0701400"
"1606","Os09g0486500"
"1607","Os09g0416800"
"1608","Os10g0564400"
"1609","Os11g0432400"
"1610","Os01g0954900"
"1611","Os07g0184000"
"1612","Os01g0618000"
"1613","Os01g0226600"
"1614","Os01g0668600"
"1615","Os01g0186000"
"1616","Os04g0390800"
"1617","Os01g0116400"
"1618","Os02g0777100"
"1619","Os01g0306400"
"1620","Os01g0907200"
"1621","Os10g0450800"
"1622","Os02g0175000"
"1623","Os02g0658000"
"1624","Os03g0856700"
"1625","Os02g0244700"
"1626","Os01g0135000"
"1627","Os07g0592100"
"1628","Os01g0975900"
"1629","Os01g0876300"
"1630","Os05g0153300"
"1631","Os02g0225200"
"1632","Os06g0649000"
"1633","Os03g0169600"
"1634","Os03g0771500"
"1635","Os12g0570700"
"1636","Os01g0889400"
"1637","Os04g0538900"
"1638","Os10g0342300"
"1639","Os08g0551000"
"1640","Os04g0538300"
"1641","Os07g0634100"
"1642","Os06g0587000"
"1643","osa-miR167g"
"1644","Os02g0579600"
"1645","Os04g0593200"
"1646","POsControl0028"
"1647","Os05g0196200"
"1648","Os06g0354700"
"1649","Os11g0659200"
"1650","Os01g0772100"
"1651","Os04g0558700"
"1652","Os05g0139100"
"1653","Os03g0340500"
"1654","Os11g0242200"
"1655","Os09g0486500"
"1656","Os02g0178700"
"1657","Os07g0686300"
"1658","Os11g0246600"
"1659","Os01g0765400"
"1660","Os11g0534300"
"1661","Os04g0606200"
"1662","Os08g0207500"
"1663","Os02g0738200"
"1664","Os01g0286100"
"1665","Os01g0966900"
"1666","Os11g0259700"
"1667","Os05g0450300"
"1668","Os11g0582300"
"1669","Os09g0455000"
"1670","Os07g0108900"
"1671","Os02g0179200"
"1672","Os05g0489200"
"1673","Os04g0154800"
"1674","Os11g0126900"
"1675","Os02g0658000"
"1676","Os06g0160700"
"1677","Os05g0145100"
"1678","Os04g0175000"
"1679","Os09g0281800"
"1680","Os06g0133300"
"1681","Os04g0405300"
"1682","Os05g0344200"
"1683","Os03g0699000"
"1684","Os08g0315000"
"1685","Os07g0162600"
"1686","Os01g0876300"
"1687","Os01g0975900"
"1688","Os06g0694200"
"1689","Os09g0486500"
"1690","Os08g0178500"
"1691","Os02g0763800"
"1692","Os01g0724700"
"1693","Os04g0604300"
"1694","Os10g0159800"
"1695","Os05g0537700"
"1696","Os05g0500600"
"1697","Os04g0413900"
"1698","Os10g0411000"
"1699","Os03g0388600"
"1700","Os08g0399500"
"1701","Os02g0187400"
"1702","Os12g0431300"
"1703","Os06g0239200"
"1704","Os06g0294600"
"1705","Os04g0542200"
"1706","Os09g0449800"
"1707","Os03g0119300"
"1708","Os11g0213700"
"1709","Os05g0514600"
"1710","Os01g0114600"
"1711","Os01g0555100"
"1712","Os01g0595600"
"1713","Os05g0560100"
"1714","Os09g0128400"
"1715","Os12g0517400"
"1716","Os10g0492600"
"1717","Os05g0469600"
"1718","Os03g0340500"
"1719","Os01g0186000"
"1720","Os06g0188400"
"1721","Os03g0745000"
"1722","Os02g0736900"
"1723","Os10g0440500"
"1724","Os01g0738400"
"1725","Os03g0185000"
"1726","Os08g0557600"
"1727","Os04g0274300"
"1728","Os06g0500700"
"1729","Os10g0466500"
"1730","Os04g0606200"
"1731","Os06g0139800"
"1732","Os03g0277600"
"1733","Os04g0430200"
"1734","Os06g0697000"
"1735","Os05g0470100"
"1736","Os08g0400200"
"1737","Os03g0688000"
"1738","Os05g0344200"
"1739","Os01g0851100"
"1740","Os11g0664000"
"1741","Os02g0565600"
"1742","Os12g0626200"
"1743","Os03g0340500"
"1744","Os02g0702700"
"1745","Os04g0457700"
"1746","Os01g0124700"
"1747","Os02g0108900"
"1748","Os03g0172400"
"1749","Os04g0394100"
"1750","Os05g0217800"
"1751","Os10g0345600"
"1752","Os11g0673900"
"1753","Os01g0894600"
"1754","Os02g0219000"
"1755","Os01g0692400"
"1756","Os06g0314000"
"1757","Os12g0226900"
"1758","Os08g0158800"
"1759","Os04g0444800"
"1760","Os06g0640800"
"1761","Os04g0583000"
"1762","Os02g0782500"
"1763","Os11g0490900"
"1764","Os05g0412900"
"1765","Os04g0546500"
"1766","Os06g0493600"
"1767","Os03g0253200"
"1768","Os08g0375400"
"1769","Os04g0629600"
"1770","Os07g0409200"
"1771","Os11g0618700"
"1772","Os11g0664000"
"1773","Os11g0172100"
"1774","Os01g0800800"
"1775","Os11g0592200"
"1776","Os03g0589300"
"1777","Os01g0275800"
"1778","Os05g0531000"
"1779","Os09g0305300"
"1780","Os01g0736000"
"1781","Os09g0504000"
"1782","Os06g0160700"
"1783","Os01g0702500"
"1784","Os06g0294600"
"1785","Os06g0181100"
"1786","Os01g0911700"
"1787","Os02g0802600"
"1788","Os01g0930400"
"1789","Os02g0313700"
"1790","Os05g0406700"
"1791","Os04g0670500"
"1792","Os01g0702500"
"1793","Os10g0361900"
"1794","Os03g0269900"
"1795","Os11g0432400"
"1796","Os01g0772900"
"1797","Os12g0599900"
"1798","Os05g0521700"
"1799","Os11g0592200"
"1800","Os07g0418700"
"1801","Os05g0552800"
"1802","Os03g0231000"
"1803","Os09g0129600"
"1804","Os06g0701900"
"1805","Os07g0413800"
"1806","Os04g0649000"
"1807","Os01g0122200"
"1808","Os02g0818000"
"1809","Os01g0609300"
"1810","Os07g0296000"
"1811","Os01g0680100"
"1812","Os06g0142500"
"1813","Os02g0729900"
"1814","Os03g0413000"
"1815","Os11g0691100"
"1816","Os12g0153200"
"1817","Os12g0641000"
"1818","Os11g0115400"
"1819","Os02g0481900"
"1820","Os10g0157400"
"1821","Os08g0298600"
"1822","Os01g0567300"
"1823","Os03g0729000"
"1824","Os04g0528000"
"1825","Os04g0607600"
"1826","Os04g0457400"
"1827","Os04g0546500"
"1828","Os03g0797800"
"1829","Os12g0227500"
"1830","Os03g0158800"
"1831","Os08g0503700"
"1832","Os03g0766700"
"1833","Os04g0442700"
"1834","Os12g0151000"
"1835","Os06g0341500"
"1836","Os08g0544400"
"1837","Os06g0650900"
"1838","Os11g0153500"
"1839","Os11g0553500"
"1840","Os05g0550600"
"1841","Os03g0793700"
"1842","Os09g0469300"
"1843","Os08g0242400"
"1844","Os03g0305400"
"1845","Os11g0286800"
"1846","Os04g0206600"
"1847","Os02g0818000"
"1848","Os03g0182900"
"1849","Os06g0673800"
"1850","Os10g0485600"
"1851","Os06g0618000"
"1852","Os02g0600200"
"1853","Os09g0471500"
"1854","Os04g0565200"
"1855","Os07g0214600"
"1856","Os05g0217800"
"1857","Os01g0197900"
"1858","Os06g0192000"
"1859","Os06g0694800"
"1860","Os05g0261700"
"1861","Os06g0620200"
"1862","Os04g0383100"
"1863","Os06g0287500"
"1864","Os08g0521600"
"1865","Os10g0109100"
"1866","Os10g0337400"
"1867","Os10g0440000"
"1868","Os02g0654700"
"1869","Os02g0575500"
"1870","Os01g0609300"
"1871","osa-miR159f"
"1872","Os02g0818000"
"1873","Os05g0166600"
"1874","Os12g0556300"
"1875","Os11g0683800"
"1876","Os05g0196400"
"1877","Os01g0218500"
"1878","Os05g0217800"
"1879","Os04g0468600"
"1880","Os01g0162500"
"1881","Os03g0805800"
"1882","Os05g0217800"
"1883","Os04g0664600"
"1884","Os07g0417600"
"1885","osa-miR167h"
"1886","Os05g0280500"
"1887","Os02g0575500"
"1888","Os10g0330400"
"1889","Os10g0559500"
"1890","Os01g0170700"
"1891","Os06g0693100"
"1892","osa-miR156k"
"1893","Os10g0177200"
"1894","Os01g0846000"
"1895","Os08g0138900"
"1896","Os05g0140800"
"1897","Os02g0454300"
"1898","Os01g0609300"
"1899","osa-miR156k"
"1900","Os02g0574800"
"1901","Os02g0521100"
"1902","Os02g0738100"
"1903","Os07g0130700"
"1904","osa-miR441c"
"1905","Os02g0194400"
"1906","Os11g0191300"
"1907","Os03g0745200"
"1908","Os03g0656800"
"1909","Os12g0188700"
"1910","Os04g0668400"
"1911","Os01g0544200"
"1912","Os08g0554100"
"1913","Os01g0532300"
"1914","Os05g0217800"
"1915","Os04g0679400"
"1916","Os01g0569200"
"1917","Os05g0545400"
"1918","Os08g0525900"
"1919","Os08g0463500"
"1920","Os02g0818000"
"1921","osa-miR399f"
"1922","Os09g0339000"
"1923","Os06g0701700"
"1924","Os06g0285200"
"1925","Os06g0177400"
"1926","Os05g0583000"
"1927","Os04g0476600"
"1928","Os01g0944100"
"1929","Os10g0574400"
"1930","Os09g0343600"
"1931","osa-miR169m"
"1932","Os02g0818000"
"1933","Os01g0172100"
"1934","Os07g0566500"
"1935","Os05g0217800"
"1936","Os05g0461600"
"1937","Os09g0247600"
"1938","Os09g0128400"
"1939","Os08g0478000"
"1940","Os06g0477900"
"1941","Os01g0161200"
"1942","Os01g0544200"
"1943","Os05g0217800"
"1944","Os04g0675000"
"1945","Os02g0782500"
"1946","Os03g0671800"
"1947","Os05g0475400"
"1948","Os05g0217800"
"1949","Os02g0756200"
"1950","Os08g0498400"
"1951","Os03g0245700"
"1952","Os08g0520600"
"1953","Os12g0141100"
"1954","Os03g0578900"
"1955","Os04g0664500"
"1956","Os01g0162500"
"1957","Os11g0654100"
"1958","Os02g0658200"
"1959","Os02g0623600"
"1960","Os10g0472900"
"1961","Os04g0412300"
"1962","Os03g0103300"
"1963","Os06g0316300"
"1964","Os10g0406100"
"1965","Os01g0256300"
"1966","Os05g0217800"
"1967","Os05g0217800"
"1968","Os01g0800000"
"1969","Os06g0639800"
"1970","Os01g0719100"
"1971","Os02g0218700"
"1972","Os03g0245700"
"1973","Os10g0371100"
"1974","Os01g0859300"
"1975","Os02g0101500"
"1976","Os04g0513900"
"1977","Os09g0552600"
"1978","Os02g0828100"
"1979","osa-miR171d"
"1980","Os06g0178100"
"1981","Os11g0184800"
"1982","Os06g0707300"
"1983","Os03g0245700"
"1984","Os07g0418600"
"1985","Os02g0225500"
"1986","Os01g0895200"
"1987","Os04g0465600"
"1988","Os08g0500400"
"1989","POsControl0002"
"1990","Os11g0432400"
"1991","Os05g0217800"
"1992","Os02g0601800"
"1993","Os01g0581300"
"1994","Os11g0459200"
