"","x"
"1","Os03g0745000"
"2","Os11g0506800"
"3","Os06g0215500"
"4","Os10g0520100"
"5","Os01g0102900"
"6","Os07g0526600"
"7","Os10g0415300"
"8","Os03g0154000"
"9","Os01g0860500"
"10","Os02g0720400"
"11","Os01g0698800"
"12","Os03g0838800"
"13","Os01g0681900"
"14","Os10g0368100"
"15","Os03g0183500"
"16","Os01g0663300"
"17","Os10g0481300"
"18","Os05g0186300"
"19","Os02g0626600"
"20","Os09g0518200"
"21","Os03g0437100"
"22","Os03g0339900"
"23","Os05g0132700"
"24","Os05g0162000"
"25","Os06g0216200"
"26","Os06g0507300"
"27","Os04g0639000"
"28","Os04g0655400"
"29","Os07g0170000"
"30","Os02g0582600"
"31","Os10g0525800"
"32","Os08g0137900"
"33","Os01g0237100"
"34","Os02g0818900"
"35","Os01g0882100"
"36","Os02g0686100"
"37","Os08g0520600"
"38","Os02g0744200"
"39","Os03g0338000"
"40","Os06g0216300"
"41","Os02g0532900"
"42","Os01g0952900"
"43","Os03g0816700"
"44","Os08g0482600"
"45","Os11g0488100"
"46","Os02g0803300"
"47","Os07g0559700"
"48","Os03g0741100"
"49","Os01g0102500"
"50","Os06g0693100"
"51","Os06g0604200"
"52","Os03g0191900"
"53","Os10g0528300"
"54","Os03g0388600"
"55","Os10g0497700"
"56","Os12g0111600"
"57","Os09g0543900"
"58","Os02g0129300"
"59","Os12g0209800"
"60","Os06g0728700"
"61","Os08g0563200"
"62","Os03g0638900"
"63","Os01g0521600"
"64","Os03g0280400"
"65","Os02g0467000"
"66","Os01g0841700"
"67","Os08g0557600"
"68","Os10g0530600"
"69","Os10g0445400"
"70","Os02g0618100"
"71","Os07g0635500"
"72","Os10g0415100"
"73","Os04g0301500"
"74","Os03g0285200"
"75","Os10g0147200"
"76","Os04g0581100"
"77","Os04g0653600"
"78","Os02g0630300"
"79","Os03g0236200"
"80","Os01g0195700"
"81","Os11g0687000"
"82","Os09g0502500"
"83","Os02g0609200"
"84","Os08g0562300"
"85","Os04g0553800"
"86","Os03g0860100"
"87","Os01g0311800"
"88","Os08g0114200"
"89","Os03g0676400"
"90","Os02g0467600"
"91","Os02g0572400"
"92","Os12g0576600"
"93","Os09g0489500"
"94","Os10g0547500"
"95","Os09g0439200"
"96","Os01g0894600"
"97","Os05g0591600"
"98","Os01g0579600"
"99","Os02g0782900"
"100","Os10g0528400"
"101","Os01g0826400"
"102","Os11g0528600"
"103","Os05g0596500"
"104","Os08g0376600"
"105","Os05g0577700"
"106","Os12g0190000"
"107","Os01g0551800"
"108","Os08g0540900"
"109","Os02g0491600"
"110","Os01g0637800"
"111","Os05g0438500"
"112","Os09g0445600"
"113","Os06g0215100"
"114","Os02g0525600"
"115","Os02g0270200"
"116","Os08g0357000"
"117","Os01g0723800"
"118","Os06g0216000"
"119","Os04g0659200"
"120","Os11g0666100"
"121","Os03g0679700"
"122","Os02g0815700"
"123","Os03g0120400"
"124","Os04g0536500"
"125","Os06g0107800"
"126","Os01g0784500"
"127","Os03g0800000"
"128","Os03g0437200"
"129","Os09g0561600"
"130","Os11g0182100"
"131","Os09g0461500"
"132","Os01g0742400"
"133","Os05g0561600"
"134","Os02g0685200"
"135","Os05g0165500"
"136","Os01g0834900"
"137","Os04g0627300"
"138","Os08g0448000"
"139","Os10g0468500"
"140","Os06g0109300"
"141","Os12g0168100"
"142","Os04g0583900"
"143","Os07g0179500"
"144","Os05g0510600"
"145","Os03g0802500"
"146","Os03g0102600"
"147","Os02g0573500"
"148","Os06g0215900"
"149","Os10g0330400"
"150","Os09g0341600"
"151","Os07g0158800"
"152","Os09g0378700"
"153","Os04g0600200"
"154","Os03g0700700"
"155","Os04g0406600"
"156","Os04g0447100"
"157","Os09g0499500"
"158","Os06g0542300"
"159","Os03g0709300"
"160","Os04g0568700"
"161","Os07g0131600"
"162","Os08g0243500"
"163","Os07g0101300"
"164","Os08g0162700"
"165","Os02g0539200"
"166","Os07g0194800"
"167","Os01g0121300"
"168","Os08g0539700"
"169","Os01g0680200"
"170","Os02g0651900"
"171","Os08g0517700"
"172","Os01g0975000"
"173","Os09g0453300"
"174","Os08g0246100"
"175","Os07g0588400"
"176","Os02g0605900"
"177","Os03g0409100"
"178","Os09g0308900"
"179","Os07g0154100"
"180","Os11g0168600"
"181","Os11g0188900"
"182","Os11g0153300"
"183","Os04g0452600"
"184","Os09g0297900"
"185","Os06g0112700"
"186","Os03g0239300"
"187","Os05g0442400"
"188","Os01g0593200"
"189","Os02g0787600"
"190","Os03g0617500"
"191","Os03g0795600"
"192","Os03g0221600"
"193","Os01g0369700"
"194","Os07g0561800"
"195","Os02g0122800"
"196","Os03g0839200"
"197","Os01g0953100"
"198","Os01g0185300"
"199","Os01g0247700"
"200","Os08g0177400"
"201","Os09g0543400"
"202","Os05g0474800"
"203","Os02g0699000"
"204","Os05g0434800"
"205","Os04g0574100"
"206","Os01g0308300"
"207","Os03g0820300"
"208","Os08g0270400"
"209","Os02g0665800"
"210","Os10g0122500"
"211","Os05g0449200"
"212","Os07g0603700"
"213","Os07g0407900"
"214","Os04g0395800"
"215","Os07g0469200"
"216","Os01g0185900"
"217","Os05g0442000"
"218","Os06g0649000"
"219","Os02g0654700"
"220","Os10g0544600"
"221","Os07g0419100"
"222","Os10g0516900"
"223","Os06g0717900"
"224","Os01g0623500"
"225","Os11g0184900"
"226","Os02g0592400"
"227","Os04g0272200"
"228","Os10g0560000"
"229","Os02g0191800"
"230","Os03g0187800"
"231","Os01g0761300"
"232","Os11g0700500"
"233","Os02g0704000"
"234","Os01g0504100"
"235","Os09g0474000"
"236","Os07g0519300"
"237","Os03g0181100"
"238","Os09g0306400"
"239","Os07g0646800"
"240","Os11g0150100"
"241","Os12g0283400"
"242","Os06g0571800"
"243","Os01g0783200"
"244","Os04g0541700"
"245","Os05g0500000"
"246","Os01g0609300"
"247","Os02g0814000"
"248","Os04g0556000"
"249","Os08g0408500"
"250","Os03g0820200"
"251","Os05g0479800"
"252","Os01g0878000"
"253","Os03g0122300"
"254","Os04g0188500"
"255","Os01g0179000"
"256","Os01g0757200"
"257","Os05g0223000"
"258","Os01g0917400"
"259","Os11g0156600"
"260","Os07g0537900"
"261","Os06g0136900"
"262","Os06g0718100"
"263","Os04g0518400"
"264","Os03g0225900"
"265","Os01g0678400"
"266","Os07g0583600"
"267","Os12g0150200"
"268","Os02g0759400"
"269","Os01g0609200"
"270","Os04g0620800"
"271","Os02g0803400"
"272","Os10g0482900"
"273","Os09g0341500"
"274","Os02g0314600"
"275","Os07g0664400"
"276","Os11g0483000"
"277","Os09g0533600"
"278","Os09g0505400"
"279","Os01g0687400"
"280","Os12g0222000"
"281","Os02g0205500"
"282","Os08g0485400"
"283","Os02g0126300"
"284","Os04g0468600"
"285","Os06g0255900"
"286","Os02g0719600"
"287","Os11g0270000"
"288","Os03g0737000"
"289","Os03g0442900"
"290","Os02g0180700"
"291","Os05g0397300"
"292","Os11g0120300"
"293","Os06g0692600"
"294","Os07g0516700"
"295","Os01g0353400"
"296","Os08g0514000"
"297","Os09g0365900"
"298","Os06g0195800"
"299","Os05g0522600"
"300","Os06g0687200"
"301","Os01g0835700"
"302","Os02g0820800"
"303","Os02g0601800"
"304","Os10g0392400"
"305","Os08g0277200"
"306","Os03g0343400"
"307","Os03g0129400"
"308","Os02g0671300"
"309","Os05g0138000"
"310","Os02g0466400"
"311","Os03g0364400"
"312","Os08g0108700"
"313","Os07g0643700"
"314","Os03g0650900"
"315","Os03g0798500"
"316","Os09g0465400"
"317","Os01g0686300"
"318","Os05g0525900"
"319","Os01g0975300"
"320","Os06g0535200"
"321","Os08g0374600"
"322","Os01g0868000"
"323","Os07g0174400"
"324","Os07g0545800"
"325","Os07g0557100"
"326","Os02g0627100"
"327","Os08g0465800"
"328","Os03g0257600"
"329","Os07g0569100"
"330","Os02g0232500"
"331","Os01g0209700"
"332","Os03g0224700"
"333","Os01g0639600"
"334","Os07g0274700"
"335","Os12g0541300"
"336","Os01g0871800"
"337","Os10g0365200"
"338","Os08g0482700"
"339","Os04g0149400"
"340","Os10g0394700"
"341","Os09g0401300"
"342","Os04g0581800"
"343","Os03g0833900"
"344","Os08g0364900"
"345","Os02g0695200"
"346","Os10g0543400"
"347","Os01g0534800"
"348","Os03g0154100"
"349","Os05g0588900"
"350","Os01g0775400"
"351","Os03g0379500"
"352","Os02g0515200"
"353","Os06g0203600"
"354","Os03g0767000"
"355","Os05g0176300"
"356","Os03g0107300"
"357","Os03g0108300"
"358","Os05g0114400"
"359","Os01g0929200"
"360","Os04g0154800"
"361","Os11g0649400"
"362","Os02g0193100"
"363","Os04g0504800"
"364","Os02g0774200"
"365","Os01g0158500"
"366","Os08g0141400"
"367","Os02g0587300"
"368","Os01g0846300"
"369","Os12g0198200"
"370","Os01g0832600"
"371","Os02g0575200"
"372","Os02g0640500"
"373","Os07g0141200"
"374","Os06g0597000"
"375","Os01g0607200"
"376","Os04g0593200"
"377","Os10g0210500"
"378","Os01g0508100"
"379","Os01g0678800"
"380","Os05g0464200"
"381","Os11g0696900"
"382","Os02g0526400"
"383","Os08g0545400"
"384","Os08g0138200"
"385","Os03g0781300"
"386","Os06g0215600"
"387","Os06g0235500"
"388","Os11g0155600"
"389","Os04g0488700"
"390","Os01g0188100"
"391","Os05g0514600"
"392","Os02g0193300"
"393","Os02g0540700"
"394","Os10g0550900"
"395","Os03g0351700"
"396","Os02g0462800"
"397","Os03g0270500"
"398","Os05g0114700"
"399","Os01g0783700"
"400","Os01g0846400"
"401","Os03g0238300"
"402","Os07g0551500"
"403","Os04g0491200"
"404","Os04g0492800"
"405","Os08g0171800"
"406","Os06g0692100"
"407","Os06g0633100"
"408","Os09g0394600"
"409","Os06g0158100"
"410","Os09g0545300"
"411","Os03g0132000"
"412","Os04g0359700"
"413","Os11g0676500"
"414","Os08g0355400"
"415","Os06g0131400"
"416","Os06g0729500"
"417","Os08g0138400"
"418","Os06g0729900"
"419","Os07g0580200"
"420","Os09g0493000"
"421","Os01g0955100"
"422","Os04g0188400"
"423","Os04g0674000"
"424","Os12g0468000"
"425","Os03g0161900"
"426","Os03g0140500"
"427","Os02g0475300"
"428","Os03g0145600"
"429","Os01g0847700"
"430","Os10g0393800"
"431","Os03g0289800"
"432","Os09g0511600"
"433","Os05g0194900"
"434","Os09g0416800"
"435","Os03g0643700"
"436","Os04g0678400"
"437","Os02g0209300"
"438","Os05g0545300"
"439","Os08g0185900"
"440","Os01g0242200"
"441","Os02g0181300"
"442","Os01g0124100"
"443","Os07g0561300"
"444","Os04g0405900"
"445","Os02g0173200"
"446","Os01g0802600"
"447","Os02g0707000"
"448","Os01g0786700"
"449","Os05g0331200"
"450","Os12g0615300"
"451","Os10g0322200"
"452","Os01g0892800"
"453","Os08g0384500"
"454","Os02g0522300"
"455","Os03g0286500"
"456","Os06g0127100"
"457","Os02g0303000"
"458","Os04g0567200"
"459","Os04g0686800"
"460","Os01g0241400"
"461","Os10g0464900"
"462","Os03g0435200"
"463","Os06g0691400"
"464","Os07g0525900"
"465","Os01g0631800"
"466","Os05g0427400"
"467","Os09g0434900"
"468","Os07g0686600"
"469","Os02g0787700"
"470","Os07g0564500"
"471","Os06g0692500"
"472","Os10g0580900"
"473","Os01g0901600"
"474","Os02g0720500"
"475","Os06g0193300"
"476","Os11g0186900"
"477","Os08g0408200"
"478","Os03g0815100"
"479","Os02g0575000"
"480","Os10g0421800"
"481","Os07g0404500"
"482","Os02g0602100"
"483","Os06g0234800"
"484","Os04g0587500"
"485","Os07g0550900"
"486","Os04g0417400"
"487","Os07g0425000"
"488","Os01g0695800"
"489","Os11g0213800"
"490","Os07g0673900"
"491","Os03g0133300"
"492","Os05g0494600"
"493","Os01g0625300"
"494","Os05g0360400"
"495","Os01g0739500"
"496","Os04g0450100"
"497","Os06g0243700"
"498","Os10g0558200"
"499","Os04g0527400"
"500","Os03g0438100"
"501","Os02g0216300"
"502","Os06g0618700"
"503","Os01g0858200"
"504","Os06g0164400"
"505","Os06g0565200"
"506","Os09g0280500"
"507","Os01g0270300"
"508","Os01g0793800"
"509","Os03g0334200"
"510","Os03g0586500"
"511","Os11g0168500"
"512","Os06g0329900"
"513","Os10g0517500"
"514","Os05g0501600"
"515","Os09g0454600"
"516","Os05g0228400"
"517","Os05g0213900"
"518","Os09g0437500"
"519","Os04g0631800"
"520","Os02g0732600"
"521","Os03g0439000"
"522","Os01g0621900"
"523","Os02g0705400"
"524","Os07g0631200"
"525","Os04g0650700"
"526","Os03g0368300"
"527","Os02g0764700"
"528","Os03g0794200"
"529","Os07g0684400"
"530","Os10g0391400"
"531","Os02g0126400"
"532","Os08g0546800"
"533","Os02g0773600"
"534","Os02g0654600"
"535","Os05g0402900"
"536","Os07g0526400"
"537","Os11g0438700"
"538","Os08g0520700"
"539","Os06g0239500"
"540","Os04g0578000"
"541","Os06g0239100"
"542","Os04g0464100"
"543","Os12g0181500"
"544","Os12g0596300"
"545","Os07g0149900"
"546","Os05g0589200"
"547","Os04g0527700"
"548","Os01g0781700"
"549","Os11g0134400"
"550","Os01g0821300"
"551","Os01g0863300"
"552","Os01g0739200"
"553","Os10g0483500"
"554","Os11g0213700"
"555","Os10g0525500"
"556","Os05g0380300"
"557","Os10g0400500"
"558","Os01g0949700"
"559","Os04g0660000"
"560","Os11g0303300"
"561","Os01g0804900"
"562","Os05g0153500"
"563","Os03g0180800"
"564","Os04g0671200"
"565","Os06g0202100"
"566","Os01g0895300"
"567","Os03g0123800"
"568","Os04g0325300"
"569","Os05g0493800"
"570","Os07g0160300"
"571","Os03g0365800"
"572","Os04g0497000"
"573","Os05g0576600"
"574","Os02g0165100"
"575","Os10g0488400"
"576","Os09g0468300"
"577","Os02g0271000"
"578","Os03g0386000"
"579","Os12g0631600"
"580","Os08g0124700"
"581","Os02g0313700"
"582","Os05g0104700"
"583","Os06g0133600"
"584","Os03g0180900"
"585","Os12g0438400"
"586","Os04g0449300"
"587","Os09g0417800"
"588","Os12g0527700"
"589","Os07g0162500"
"590","Os08g0428100"
"591","Os06g0151700"
"592","Os01g0127700"
"593","Os08g0446800"
"594","Os03g0402800"
"595","Os06g0662200"
"596","Os03g0241400"
"597","Os08g0462900"
"598","Os01g0968800"
"599","Os02g0739100"
"600","Os02g0555900"
"601","Os10g0371100"
"602","Os06g0622400"
"603","Os01g0305200"
"604","Os10g0568100"
"605","Os01g0124400"
"606","Os09g0492900"
"607","Os04g0380300"
"608","Os12g0632800"
"609","Os12g0154900"
"610","Os09g0557600"
"611","Os01g0954000"
"612","Os08g0203700"
"613","Os01g0246700"
"614","Os05g0217800"
"615","Os01g0697700"
"616","Os01g0383700"
"617","Os11g0649600"
"618","Os07g0670300"
"619","Os08g0529200"
"620","Os06g0651000"
"621","Os12g0543600"
"622","Os02g0620400"
"623","Os01g0699100"
"624","Os12g0242500"
"625","Os01g0818400"
"626","Os07g0438700"
"627","Os12g0131100"
"628","Os11g0552500"
"629","Os08g0556300"
"630","Os12g0153200"
"631","Os05g0560600"
"632","Os11g0149400"
"633","Os12g0284800"
"634","Os05g0162800"
"635","Os12g0226900"
"636","Os03g0726200"
"637","Os06g0248500"
"638","Os02g0150700"
"639","Os05g0465000"
"640","Os01g0625200"
"641","Os11g0214800"
"642","Os09g0486700"
"643","Os07g0191200"
"644","Os05g0404400"
"645","Os05g0128900"
"646","Os11g0525900"
"647","Os11g0686900"
"648","Os06g0219400"
"649","Os07g0653100"
"650","Os03g0366100"
"651","Os06g0219500"
"652","Os01g0139700"
"653","Os01g0551000"
"654","Os12g0106000"
"655","Os07g0614300"
"656","Os02g0661100"
"657","Os01g0717000"
"658","Os12g0116700"
"659","Os01g0582600"
"660","Os03g0230300"
"661","Os04g0471100"
"662","Os01g0719600"
"663","Os12g0443000"
"664","Os01g0859100"
"665","Os07g0672500"
"666","Os07g0677300"
"667","Os06g0604300"
"668","Os02g0748300"
"669","Os04g0506000"
"670","Os01g0893400"
"671","Os12g0178000"
"672","Os01g0550300"
"673","Os03g0297600"
"674","Os01g0955700"
"675","Os05g0127300"
"676","Os04g0516600"
"677","Os06g0694400"
"678","Os04g0669300"
"679","Os10g0113000"
"680","Os03g0790500"
"681","Os12g0155000"
"682","Os05g0563900"
"683","Os12g0603900"
"684","Os05g0427300"
"685","Os01g0305900"
"686","Os04g0356600"
"687","Os06g0196200"
"688","Os01g0701700"
"689","Os02g0712500"
"690","Os07g0127700"
"691","Os01g0704300"
"692","Os07g0111400"
"693","Os08g0451200"
"694","Os01g0121600"
"695","Os05g0431700"
"696","Os05g0211100"
"697","Os01g0905300"
"698","Os07g0530600"
"699","Os01g0876400"
"700","Os05g0324700"
"701","Os04g0514600"
"702","Os03g0188100"
"703","Os02g0799000"
"704","Os02g0730000"
"705","Os03g0218400"
"706","Os02g0673100"
"707","Os09g0452900"
"708","Os03g0300600"
"709","Os06g0125200"
"710","Os10g0329400"
"711","Os09g0429400"
"712","Os01g0780800"
"713","Os01g0722300"
"714","Os12g0505800"
"715","Os11g0154500"
"716","Os03g0845000"
"717","Os01g0603300"
"718","Os09g0518000"
"719","Os04g0585000"
"720","Os03g0797300"
"721","Os08g0120600"
"722","Os03g0820400"
"723","Os12g0154800"
"724","Os07g0143200"
"725","Os11g0684000"
"726","Os01g0101200"
"727","Os01g0699400"
"728","Os11g0160400"
"729","Os10g0578700"
"730","Os02g0561000"
"731","Os06g0239200"
"732","Os10g0519300"
"733","Os06g0714800"
"734","Os02g0618400"
"735","Os01g0892500"
"736","Os10g0535600"
"737","Os04g0659800"
"738","Os03g0318400"
"739","Os06g0725200"
"740","Os03g0761100"
"741","Os05g0468500"
"742","Os12g0174100"
"743","Os02g0560200"
"744","Os06g0289200"
"745","Os04g0517100"
"746","Os03g0107700"
"747","Os12g0181600"
"748","Os03g0646800"
"749","Os03g0285800"
"750","Os04g0373400"
"751","Os05g0115100"
"752","Os03g0322900"
"753","Os07g0524900"
"754","Os01g0194000"
"755","Os01g0716800"
"756","Os07g0201500"
"757","Os01g0705700"
"758","Os03g0270000"
"759","Os01g0108600"
"760","Os07g0567700"
"761","Os10g0542700"
"762","Os01g0888800"
"763","Os10g0553300"
"764","Os01g0963000"
"765","Os02g0112000"
"766","Os05g0421600"
"767","Os01g0699500"
"768","Os06g0147300"
"769","Os03g0247900"
"770","Os02g0134200"
"771","Os01g0322700"
"772","Os06g0700300"
"773","Os12g0191500"
"774","Os04g0538400"
"775","Os02g0633600"
"776","Os05g0427200"
"777","Os02g0658000"
"778","Os01g0165000"
"779","Os09g0444900"
"780","Os03g0240600"
"781","Os02g0653900"
"782","Os07g0608900"
"783","Os05g0430900"
"784","Os09g0526600"
"785","Os10g0450400"
"786","Os10g0498100"
"787","Os03g0745100"
"788","Os05g0457200"
"789","Os07g0551300"
"790","Os03g0155000"
"791","Os02g0669100"
"792","Os03g0290300"
"793","osa-miR164a"
"794","Os08g0415600"
"795","Os07g0622900"
"796","Os04g0115500"
"797","Os03g0241300"
"798","Os05g0515200"
"799","Os03g0849800"
"800","Os09g0367700"
"801","Os01g0915600"
"802","Os07g0550400"
"803","Os05g0516300"
"804","Os11g0149200"
"805","Os09g0240600"
"806","Os07g0550500"
"807","Os04g0475600"
"808","Os05g0368000"
"809","Os01g0612600"
"810","Os03g0659400"
"811","Os01g0132000"
"812","Os05g0409500"
"813","Os08g0376500"
"814","Os12g0224000"
"815","Os07g0597200"
"816","Os06g0355300"
"817","Os02g0201000"
"818","Os04g0649000"
"819","Os10g0457600"
"820","Os05g0499800"
"821","Os06g0133500"
"822","Os06g0587300"
"823","Os11g0117500"
"824","Os02g0561800"
"825","Os05g0347400"
"826","Os01g0847100"
"827","Os07g0624600"
"828","Os06g0641800"
"829","Os02g0560600"
"830","Os05g0516700"
"831","Os08g0561000"
"832","Os08g0101100"
"833","Os04g0229100"
"834","Os08g0474800"
"835","Os04g0495400"
"836","Os01g0311600"
"837","Os03g0161600"
"838","Os01g0882800"
"839","Os09g0400700"
"840","Os10g0521000"
"841","Os02g0740600"
"842","Os12g0154700"
"843","Os09g0379900"
"844","Os01g0606100"
"845","Os02g0533200"
"846","Os10g0531300"
"847","Os03g0858800"
"848","Os10g0417800"
"849","Os02g0733900"
"850","Os11g0106700"
"851","Os04g0634700"
"852","Os10g0370600"
"853","Os06g0136300"
"854","Os01g0627600"
"855","Os06g0530400"
"856","Os03g0362200"
"857","Os01g0174100"
"858","Os09g0554200"
"859","Os03g0785900"
"860","Os06g0206900"
"861","Os03g0185500"
"862","Os02g0747900"
"863","Os02g0437200"
"864","Os09g0364400"
"865","Os03g0401300"
"866","Os09g0399800"
"867","Os11g0291500"
"868","Os01g0225000"
"869","Os04g0447700"
"870","Os12g0132200"
"871","Os02g0561900"
"872","Os10g0513400"
"873","Os09g0517900"
"874","Os05g0537100"
"875","Os04g0368000"
"876","Os01g0248500"
"877","Os09g0441000"
"878","Os07g0674400"
"879","Os01g0695200"
"880","Os05g0551100"
"881","Os07g0170900"
"882","Os02g0209400"
"883","Os12g0120100"
"884","Os02g0193200"
"885","Os08g0458200"
"886","Os05g0444200"
"887","Os01g0699600"
"888","Os08g0397900"
"889","Os01g0738900"
"890","Os10g0530900"
"891","Os06g0188800"
"892","Os01g0795600"
"893","Os10g0568900"
"894","Os02g0758200"
"895","Os06g0293500"
"896","Os04g0600300"
"897","Os03g0149300"
"898","Os07g0558100"
"899","Os10g0118200"
"900","Os06g0318800"
"901","Os11g0109500"
"902","Os01g0656200"
"903","Os12g0152900"
"904","Os02g0251900"
"905","Os04g0509500"
"906","Os06g0705700"
"907","Os07g0539900"
"908","Os01g0816100"
"909","Os03g0232800"
"910","Os01g0864500"
"911","Os03g0626700"
"912","Os01g0838200"
"913","Os08g0113900"
"914","Os10g0475900"
"915","Os01g0631200"
"916","Os06g0231600"
"917","Os01g0675800"
"918","Os05g0136200"
"919","Os01g0337700"
"920","Os03g0673400"
"921","Os01g0720400"
"922","Os01g0693300"
"923","Os12g0137700"
"924","Os05g0358700"
"925","Os11g0669100"
"926","Os02g0152300"
"927","Os06g0506600"
"928","Os07g0617000"
"929","Os02g0709600"
"930","Os10g0524400"
"931","Os04g0364800"
"932","Os02g0636600"
"933","Os12g0490000"
"934","Os09g0547500"
"935","Os07g0584100"
"936","Os11g0244100"
"937","Os07g0573000"
"938","Os05g0176100"
"939","Os03g0776900"
"940","Os09g0243200"
"941","Os09g0498500"
"942","Os01g0220500"
"943","Os01g0934100"
"944","Os05g0530400"
"945","Os07g0617100"
"946","Os09g0561500"
"947","Os04g0137100"
"948","Os02g0572600"
"949","Os03g0172400"
"950","Os10g0519500"
"951","Os09g0368200"
"952","Os08g0551800"
"953","Os04g0115900"
"954","Os01g0138800"
"955","Os04g0677300"
"956","Os01g0160300"
"957","Os05g0497300"
"958","Os03g0188000"
"959","Os10g0326800"
"960","Os01g0758000"
"961","Os01g0724700"
"962","Os02g0548700"
"963","Os05g0583000"
"964","Os11g0492800"
"965","Os04g0684900"
"966","Os04g0395100"
"967","osa-miR531"
"968","Os01g0839100"
"969","Os01g0884200"
"970","Os07g0162400"
"971","Os07g0684900"
"972","Os02g0561400"
"973","Os06g0694200"
"974","Os07g0551700"
"975","Os02g0789600"
"976","Os07g0587300"
"977","Os01g0186000"
"978","Os03g0375300"
"979","Os03g0326100"
"980","Os12g0137900"
"981","Os06g0652200"
"982","Os09g0517100"
"983","Os08g0474000"
"984","Os01g0692100"
"985","Os01g0129600"
"986","Os05g0180800"
"987","Os08g0399500"
"988","Os07g0638400"
"989","Os03g0741200"
"990","Os02g0686700"
"991","Os10g0525600"
"992","Os03g0258200"
"993","Os01g0550600"
"994","Os10g0406300"
"995","Os01g0356400"
"996","Os08g0476300"
"997","osa-miR167h"
"998","Os08g0490100"
"999","Os05g0164400"
"1000","Os02g0624300"
"1001","Os12g0456400"
"1002","Os01g0797600"
"1003","Os08g0474100"
"1004","Os04g0527000"
"1005","Os01g0371200"
"1006","Os08g0326900"
"1007","Os06g0286500"
"1008","Os01g0160800"
"1009","Os04g0586000"
"1010","Os02g0513000"
"1011","Os01g0736100"
"1012","Os04g0635500"
"1013","Os05g0484800"
"1014","Os06g0220300"
"1015","Os02g0504000"
"1016","Os06g0258000"
"1017","Os08g0205700"
"1018","Os05g0519300"
"1019","Os06g0586000"
"1020","Os07g0418500"
"1021","Os02g0559800"
"1022","Os06g0277700"
"1023","Os06g0114300"
"1024","Os05g0461600"
"1025","Os02g0139400"
"1026","Os02g0751900"
"1027","Os03g0214200"
"1028","Os02g0824100"
"1029","Os02g0214900"
"1030","Os01g0360100"
"1031","Os02g0755600"
"1032","Os09g0457900"
"1033","Os08g0392100"
"1034","Os01g0866400"
"1035","Os06g0542100"
"1036","Os01g0113200"
"1037","Os01g0507700"
"1038","Os04g0321800"
"1039","Os04g0540900"
"1040","Os07g0133500"
"1041","Os07g0548500"
"1042","Os04g0645500"
"1043","Os07g0593000"
"1044","Os10g0563800"
"1045","Os01g0618000"
"1046","Os12g0438600"
"1047","Os08g0205800"
"1048","Os01g0498300"
"1049","Os03g0331700"
"1050","Os08g0414700"
"1051","Os07g0635200"
"1052","Os01g0748500"
"1053","Os11g0700900"
"1054","Os01g0192900"
"1055","Os04g0432100"
"1056","Os12g0568700"
"1057","Os01g0661800"
"1058","Os01g0937000"
"1059","Os11g0671000"
"1060","Os09g0444600"
"1061","Os07g0426000"
"1062","Os06g0140400"
"1063","Os08g0170800"
"1064","Os03g0264300"
"1065","Os03g0807900"
"1066","Os05g0287800"
"1067","Os01g0131900"
"1068","Os11g0169400"
"1069","Os04g0602300"
"1070","Os01g0735300"
"1071","Os07g0533800"
"1072","Os11g0151400"
"1073","Os04g0556400"
"1074","Os08g0566600"
"1075","Os08g0113700"
"1076","Os03g0655100"
"1077","Os01g0150500"
"1078","Os03g0195900"
"1079","Os04g0590800"
"1080","Os02g0753500"
"1081","Os04g0671100"
"1082","Os11g0542100"
"1083","Os01g0305300"
"1084","Os01g0113500"
"1085","Os02g0551100"
"1086","Os06g0354700"
"1087","Os07g0476900"
"1088","Os02g0756600"
"1089","Os05g0161700"
"1090","Os09g0498400"
"1091","Os06g0200700"
"1092","Os12g0512100"
"1093","Os08g0445700"
"1094","Os08g0428300"
"1095","Os01g0243000"
"1096","Os03g0156100"
"1097","Os10g0507000"
"1098","Os01g0738100"
"1099","Os06g0218300"
"1100","Os11g0498600"
"1101","Os01g0955000"
"1102","Os03g0219100"
"1103","Os06g0115700"
"1104","Os11g0155100"
"1105","Os03g0142500"
"1106","Os03g0719400"
"1107","Os07g0644600"
"1108","Os11g0135900"
"1109","Os03g0705800"
"1110","Os08g0499300"
"1111","Os03g0161200"
"1112","Os04g0372700"
"1113","Os05g0542200"
"1114","Os04g0623300"
"1115","Os03g0159100"
"1116","Os01g0826800"
"1117","Os05g0595100"
"1118","Os04g0463500"
"1119","Os01g0718500"
"1120","Os03g0740200"
"1121","Os05g0410800"
"1122","Os01g0667900"
"1123","Os02g0681900"
"1124","Os11g0670900"
"1125","Os02g0503900"
"1126","Os03g0217000"
"1127","Os02g0682300"
"1128","Os08g0549900"
"1129","Os05g0545400"
"1130","Os02g0740700"
"1131","Os01g0922600"
"1132","Os02g0739400"
"1133","Os06g0641500"
"1134","osa-miR164f"
"1135","Os01g0597800"
"1136","Os09g0381400"
"1137","Os07g0475700"
"1138","Os07g0685700"
"1139","Os02g0281800"
"1140","Os03g0829200"
"1141","Os12g0440300"
"1142","Os04g0543900"
"1143","Os03g0757100"
"1144","Os05g0126800"
"1145","Os02g0639300"
"1146","Os05g0568600"
"1147","Os02g0773500"
"1148","Os01g0626400"
"1149","Os03g0764100"
"1150","Os11g0147800"
"1151","Os03g0799300"
"1152","Os12g0463000"
"1153","Os08g0441100"
"1154","Os09g0298500"
"1155","Os02g0710300"
"1156","Os03g0104100"
"1157","Os07g0518200"
"1158","Os02g0787000"
"1159","Os02g0247800"
"1160","Os11g0129800"
"1161","Os02g0736900"
"1162","Os08g0269000"
"1163","Os04g0384000"
"1164","Os05g0437100"
"1165","Os04g0543500"
"1166","Os04g0111200"
"1167","Os04g0564700"
"1168","Os05g0438800"
"1169","Os07g0674800"
"1170","Os04g0668900"
"1171","Os06g0555900"
"1172","Os05g0126700"
"1173","Os01g0651500"
"1174","Os06g0711100"
"1175","Os12g0592900"
"1176","Os02g0504700"
"1177","Os03g0723700"
"1178","Os05g0119200"
"1179","Os09g0460700"
"1180","Os09g0442100"
"1181","Os03g0437600"
"1182","Os01g0937400"
"1183","Os04g0385600"
"1184","Os05g0389800"
"1185","Os05g0552800"
"1186","Os05g0477600"
"1187","Os03g0310800"
"1188","Os01g0796000"
"1189","Os06g0505700"
"1190","Os02g0656600"
"1191","Os08g0566700"
"1192","Os12g0424700"
"1193","Os01g0101800"
"1194","Os12g0123800"
"1195","Os09g0385700"
"1196","Os03g0301200"
"1197","Os02g0708200"
"1198","Os04g0679500"
"1199","Os04g0451700"
"1200","Os12g0603800"
"1201","Os12g0127100"
"1202","Os06g0158800"
"1203","Os07g0127500"
"1204","Os03g0734500"
"1205","Os10g0469200"
"1206","Os01g0597600"
"1207","Os09g0522200"
"1208","Os10g0557800"
"1209","Os02g0582800"
"1210","Os02g0217400"
"1211","Os05g0370700"
"1212","Os09g0300800"
"1213","Os04g0481700"
"1214","Os10g0444700"
"1215","Os01g0854000"
"1216","Os01g0281100"
"1217","Os05g0408900"
"1218","Os02g0624400"
"1219","Os01g0735400"
"1220","Os08g0498400"
"1221","Os06g0345200"
"1222","Os04g0119500"
"1223","Os07g0529600"
"1224","Os03g0699000"
"1225","Os10g0466800"
"1226","Os01g0113300"
"1227","Os09g0380600"
"1228","Os10g0130600"
"1229","Os12g0568100"
"1230","Os09g0554300"
"1231","Os10g0422800"
"1232","Os06g0596500"
"1233","Os03g0793000"
"1234","Os07g0121800"
"1235","Os01g0638000"
"1236","Os03g0729000"
"1237","Os06g0666400"
"1238","Os10g0158100"
"1239","Os05g0106200"
"1240","Os01g0782100"
"1241","Os04g0286500"
"1242","Os01g0605700"
"1243","Os05g0527900"
"1244","Os03g0701100"
"1245","Os05g0276500"
"1246","Os08g0143600"
"1247","Os10g0552200"
"1248","Os12g0246700"
"1249","Os03g0718800"
"1250","Os01g0329800"
"1251","Os03g0341300"
"1252","Os09g0483800"
"1253","Os01g0512900"
"1254","Os04g0223500"
"1255","Os10g0399200"
"1256","Os05g0382400"
"1257","Os07g0587500"
"1258","Os03g0244200"
"1259","Os03g0717900"
"1260","Os04g0538300"
"1261","Os01g0206300"
"1262","Os03g0152000"
"1263","Os02g0627900"
"1264","Os03g0347900"
"1265","Os04g0185100"
"1266","Os07g0602900"
"1267","Os12g0548700"
"1268","Os06g0192800"
"1269","Os05g0398000"
"1270","Os09g0342000"
"1271","Os05g0572000"
"1272","Os03g0803600"
"1273","Os12g0187800"
"1274","Os04g0603400"
"1275","Os04g0445100"
"1276","Os11g0444700"
"1277","Os02g0786500"
"1278","Os08g0480000"
"1279","Os04g0535200"
"1280","Os07g0553300"
"1281","Os07g0509800"
"1282","Os03g0858600"
"1283","Os05g0569300"
"1284","Os04g0146800"
"1285","Os01g0677000"
"1286","Os09g0120900"
"1287","Os04g0605500"
"1288","Os06g0707800"
"1289","Os11g0701000"
"1290","Os09g0135100"
"1291","Os10g0519400"
"1292","Os01g0175900"
"1293","Os03g0696300"
"1294","Os07g0633400"
"1295","Os07g0126800"
"1296","Os08g0385000"
"1297","Os01g0972000"
"1298","Os05g0471000"
"1299","Os02g0206200"
"1300","Os04g0658200"
"1301","Os02g0250600"
"1302","Os03g0182400"
"1303","Os01g0813800"
"1304","Os08g0176000"
"1305","Os07g0142700"
"1306","Os12g0617400"
"1307","Os03g0238200"
"1308","Os01g0727500"
"1309","Os01g0930900"
"1310","Os02g0566300"
"1311","Os02g0629000"
"1312","Os01g0295700"
"1313","Os02g0454500"
"1314","Os08g0204800"
"1315","Os01g0936100"
"1316","Os03g0128600"
"1317","Os10g0369900"
"1318","Os04g0414500"
"1319","Os10g0467000"
"1320","Os05g0410500"
"1321","Os05g0526700"
"1322","Os07g0491900"
"1323","Os04g0500600"
"1324","Os11g0591600"
"1325","Os02g0129800"
"1326","Os12g0451400"
"1327","Os01g0812200"
"1328","Os04g0639200"
"1329","Os01g0821600"
"1330","Os08g0428200"
"1331","Os03g0410000"
"1332","Os10g0521900"
"1333","Os11g0280500"
"1334","Os04g0606200"
"1335","Os06g0210900"
"1336","Os02g0143400"
"1337","Os11g0606100"
"1338","Os03g0664800"
"1339","osa-miR169a"
"1340","Os01g0803900"
"1341","Os07g0125600"
"1342","Os05g0380900"
"1343","Os03g0192100"
"1344","Os06g0356800"
"1345","Os03g0790000"
"1346","Os07g0126200"
"1347","Os04g0365100"
"1348","Os01g0855600"
"1349","Os05g0476700"
"1350","Os09g0105500"
"1351","Os02g0158900"
"1352","Os05g0554000"
"1353","Os07g0245100"
"1354","Os05g0198200"
"1355","Os03g0610400"
"1356","Os01g0613800"
"1357","Os10g0571600"
"1358","Os08g0173700"
"1359","Os02g0318100"
"1360","Os05g0486600"
"1361","Os01g0153500"
"1362","Os02g0226300"
"1363","Os03g0121300"
"1364","Os07g0448100"
"1365","Os11g0156300"
"1366","Os01g0533900"
"1367","Os03g0405200"
"1368","Os06g0501900"
"1369","Os01g0656400"
"1370","Os01g0359400"
"1371","Os08g0414500"
"1372","Os05g0447700"
"1373","Os05g0545700"
"1374","Os09g0441100"
"1375","Os04g0404900"
"1376","Os06g0683400"
"1377","Os05g0166300"
"1378","Os08g0457400"
"1379","Os04g0629600"
"1380","Os01g0214500"
"1381","Os04g0107600"
"1382","Os09g0304500"
"1383","Os09g0442600"
"1384","Os01g0186900"
"1385","Os07g0604000"
"1386","Os03g0622500"
"1387","Os07g0413800"
"1388","Os06g0349800"
"1389","Os09g0542900"
"1390","Os03g0241500"
"1391","Os12g0564100"
"1392","Os06g0707300"
"1393","Os01g0192300"
"1394","Os12g0149300"
"1395","Os03g0314800"
"1396","Os01g0935600"
"1397","Os01g0522100"
"1398","Os03g0820500"
"1399","Os06g0319600"
"1400","Os09g0272000"
"1401","Os01g0509400"
"1402","Os02g0657000"
"1403","Os10g0548100"
"1404","Os01g0121500"
"1405","osa-miR159f"
"1406","Os12g0465800"
"1407","Os06g0275000"
"1408","Os08g0551500"
"1409","Os05g0560500"
"1410","Os05g0429600"
"1411","Os04g0685700"
"1412","Os09g0478600"
"1413","Os04g0679400"
"1414","Os05g0361700"
"1415","Os01g0289900"
"1416","Os02g0669500"
"1417","Os10g0456800"
"1418","Os06g0200600"
"1419","Os01g0972800"
"1420","Os01g0731100"
"1421","Os01g0389700"
"1422","Os02g0618000"
"1423","Os11g0490900"
"1424","Os08g0114400"
"1425","Os03g0283200"
"1426","Os09g0490400"
"1427","Os06g0307900"
"1428","Os03g0656800"
"1429","Os08g0151200"
"1430","Os10g0390100"
"1431","Os01g0803600"
"1432","Os04g0518800"
"1433","Os04g0179100"
"1434","Os09g0128400"
"1435","Os06g0186300"
"1436","Os03g0750000"
"1437","Os06g0730000"
"1438","Os07g0170100"
"1439","osa-miR399d"
"1440","Os01g0716500"
"1441","Os03g0826800"
"1442","Os08g0402500"
"1443","Os01g0685200"
"1444","Os06g0133400"
"1445","Os06g0587000"
"1446","Os06g0498800"
"1447","Os05g0431000"
"1448","Os07g0410300"
"1449","Os12g0608700"
"1450","Os05g0149000"
"1451","Os01g0695900"
"1452","Os01g0104500"
"1453","Os06g0220900"
"1454","Os07g0691300"
"1455","Os08g0539400"
"1456","Os04g0569100"
"1457","Os03g0231300"
"1458","Os12g0225300"
"1459","Os02g0132300"
"1460","Os07g0136500"
"1461","Os03g0597800"
"1462","Os12g0169200"
"1463","Os11g0643600"
"1464","Os05g0212900"
"1465","Os05g0541500"
"1466","Os01g0342700"
"1467","Os11g0683800"
"1468","Os11g0592000"
"1469","Os01g0879200"
"1470","Os12g0629700"
"1471","Os03g0740900"
